New,Score,Title,Company,Size,Location,Contract,Start,Source,Date,Link
yes,37,Corporate Strategy Analyst Intern,Papernest,950,"Paris, France",Internship,,WTTJ,2026-09-07,https://www.welcometothejungle.com/fr/companies/souscritoo/jobs/corporate-strategy-analyst-intern_paris
yes,35,STAGE - Chef de Projet Média & Planning Stratégique (H/F) - Hermès Parfum Beauté,Hermès,26494,"Paris, France",Internship,,WTTJ,2026-09-13,https://www.welcometothejungle.com/fr/companies/hermes/jobs/stage-chef-de-projet-media-planning-strategique-h-f-hermes-parfum-beaute_paris_HERMS_mW2ye7J
yes,31,[Paris] Investment & Strategy Associate Manager,Dedale Intelligence,250,"Paris, France",Full Time,,WTTJ,2026-10-02,https://www.welcometothejungle.com/fr/companies/software-club/jobs/investment-strategy-associate-manager_paris
yes,31,[Madrid] Investment & Strategy Associate,Dedale Intelligence,250,"Madrid, Spain",Full Time,,WTTJ,2026-10-02,https://www.welcometothejungle.com/fr/companies/software-club/jobs/lead-strategy-financial-associate_paris
yes,31,[Paris] Investment & Strategy Associate,Dedale Intelligence,250,"Paris, France",Full Time,,WTTJ,2026-10-02,https://www.welcometothejungle.com/fr/companies/software-club/jobs/strategy-investment-associate-cdi_paris
yes,31,[Paris] PhD Investment & Strategy Associate,Dedale Intelligence,250,"Paris, France",Full Time,,WTTJ,2026-10-02,https://www.welcometothejungle.com/fr/companies/software-club/jobs/phd-investment-strategy-associate-ai-focus_paris_DI_0Koj8b0
yes,31,[Madrid] Investment & Strategy Associate Manager,Dedale Intelligence,250,"Madrid, Spain",Full Time,,WTTJ,2026-10-02,https://www.welcometothejungle.com/fr/companies/software-club/jobs/data-engineer_paris
yes,31,[Lisbon] Investment & Strategy Associate,Dedale Intelligence,250,"Lisbon, Portugal",Full Time,,WTTJ,2026-10-02,https://www.welcometothejungle.com/fr/companies/software-club/jobs/investment-strategy-senior-associate_paris
yes,30,ERP Project Manager for Digital Transformation (d/f/m),Airbus,Large group,Getafe Area,Full-time,,Workday,Today,https://ag.wd3.myworkdayjobs.com/Airbus/job/Getafe-Area/ERP-Project-Manager-for-Digital-Transformation--d-f-m-_JR10438089-1
yes,30,Stage Stratégie : Innovation Business et Expérimentation France F/H,MBDA France,8000,"Le Plessis-Robinson, France",Internship,2027-02,WTTJ,2026-10-01,https://www.welcometothejungle.com/fr/companies/mbda-france-fr/jobs/stage-strategie-innovation-business-et-experimentation-france-f-h_le-plessis-robinson
yes,30,Stage Stratégie : Chargé de projet d'analyse économique F/H,MBDA France,8000,"Le Plessis-Robinson, France",Internship,2027-02,WTTJ,2026-09-30,https://www.welcometothejungle.com/fr/companies/mbda-france-fr/jobs/stage-strategie-charge-de-projet-d-analyse-economique-f-h_le-plessis-robinson
yes,29,International Graduate Program Marketing - Sales (F/H),Michelin,Large group,Toute France,Internship,,Workday,30+ Days Ago,https://michelinhr.wd3.myworkdayjobs.com/Michelin/job/Toute-France/International-Graduate-Program-Marketing---Sales--F-H-_R-2026018749
yes,29,Graduate Program - Ingénieur travaux junior - Région Normandie F/H,VINCI Construction,117000,"Champosoult, France",Full Time,,WTTJ,2026-09-10,https://www.welcometothejungle.com/fr/companies/vinci-construction-fr/jobs/graduate-program-ingenieur-travaux-junior-region-normandie-f-h_champosoult_VC_rXNYr1Z
yes,29,(Stage) Revenue Operations & Strategy,PAYPLUG,250,"Paris, France",Internship,,WTTJ,2026-10-05,https://www.welcometothejungle.com/fr/companies/payplug/jobs/stage-revenue-operations-strategy_paris_PAYPL_8X4PJMx
yes,29,Strategy & Operations Analyst (H/F),Hello Watt,250,"Paris, France",Internship,,WTTJ,2026-10-05,https://www.welcometothejungle.com/fr/companies/hello-watt/jobs/strategy-operations-analyst-h-f-stage_paris
yes,29,Growth Digital Strategy Intern,Edenred,400,"Issy-Les-Moulineaux, France",Internship,,WTTJ,2026-09-22,https://www.welcometothejungle.com/fr/companies/edenred-holding/jobs/growth-marketing-intern_issy-les-moulineaux
yes,29,Strategy & Operations Analyst Intern - Paris,Papernest,950,"Paris, France",Internship,,WTTJ,2026-09-07,https://www.welcometothejungle.com/fr/companies/souscritoo/jobs/strategy-operations-analyst-intern-paris_paris
yes,29,"Chargé d'opérations de financement immatériel, innovation et international F/H",Bpifrance,4000,"Lille, France",Internship,,WTTJ,2026-09-24,https://www.welcometothejungle.com/fr/companies/bpi-france-digital/jobs/charge-d-operations-de-financement-immateriel-innovation-et-international-f-h_lille
yes,29,[Madrid] Investment & Strategy Analyst,Dedale Intelligence,250,"Madrid, Spain",Full Time,,WTTJ,2026-10-02,https://www.welcometothejungle.com/fr/companies/software-club/jobs/talent-acquisition-career-development-internship_paris
yes,29,[Lisbon] Investment & Strategy Analyst,Dedale Intelligence,250,"Lisbon, Portugal",Full Time,,WTTJ,2026-10-02,https://www.welcometothejungle.com/fr/companies/software-club/jobs/business-development-representative-cdi_paris_DI_Rl4mJ8o
yes,29,Sales Planning & Strategy,Alan,,"Paris, Île-de-France, France",Full-time,,LinkedIn,,https://fr.linkedin.com/jobs/view/sales-planning-strategy-at-alan-4476337041
yes,28,STAGE - Chef de Projet Stratégique H/F,Groupement Mousquetaires,160000,"Vert-Le-Grand, France",Internship,2027-01,WTTJ,2026-09-30,https://www.welcometothejungle.com/fr/companies/groupement-les-mousquetaires/jobs/stage-chef-de-projet-strategique-h-f_vert-le-grand_GM_yrekmJ8
yes,27,Graduate Program - Asset Manager H/F,Groupement Mousquetaires,160000,"Donzère, France",Full Time,,WTTJ,2026-10-06,https://www.welcometothejungle.com/fr/companies/groupement-les-mousquetaires/jobs/graduate-program-asset-manager-h-f_donzere
yes,27,Graduate Program Finance F/H,VINCI Construction,117000,"Rueil-Malmaison, France",Full Time,,WTTJ,2026-10-02,https://www.welcometothejungle.com/fr/companies/vinci-construction-fr/jobs/graduate-program-finance-f-h_rueil-malmaison_VC_r80VNAG
yes,27,Graduate Program H/F - Montpellier,BATIBIG,1800,"Montpellier, France",Graduate Program,,WTTJ,2026-09-16,https://www.welcometothejungle.com/fr/companies/batibig/jobs/graduate-program-h-f-montpellier_montpellier
yes,27,Graduate program | French market (Paris),Lexroom,200,"Paris, France",Graduate Program,,WTTJ,2026-09-08,https://www.welcometothejungle.com/fr/companies/query-juriste/jobs/graduate-program-french-market-paris_paris
yes,27,Graduate Program Cadre de gestion F/H,VINCI Construction,117000,"Orléans, France",Full Time,,WTTJ,2026-09-05,https://www.welcometothejungle.com/fr/companies/vinci-construction-fr/jobs/graduate-program-cadre-de-gestion-f-h_orleans_VC_PgrzOe2
yes,27,Graduate Program - Chef de chantier - IDF F/H,VINCI Construction,117000,"Nanterre, France",Full Time,,WTTJ,2026-08-27,https://www.welcometothejungle.com/fr/companies/vinci-construction-fr/jobs/graduate-program-chef-de-chantier-idf-f-h_nanterre
yes,27,Graduate Program - Chef.fe de chantier - Lille F/H,VINCI Construction,117000,"Nanterre, France",Full Time,,WTTJ,2026-08-27,https://www.welcometothejungle.com/fr/companies/vinci-construction-fr/jobs/graduate-program-chef-fe-de-chantier-lille-f-h_nanterre
yes,27,Graduate Program - Chef.fe de chantier - Grand Est F/H,VINCI Construction,117000,"Nanterre, France",Full Time,,WTTJ,2026-08-27,https://www.welcometothejungle.com/fr/companies/vinci-construction-fr/jobs/graduate-program-chef-fe-de-chantier-grand-est-f-h_nanterre_VC_OVOJ1Kk
yes,27,Graduate Program H/F,BATIBIG,1800,"Clichy, France",Graduate Program,,WTTJ,2026-08-06,https://www.welcometothejungle.com/fr/companies/batibig/jobs/graduate-program-h-f_clichy_BATIB_rLX0XVd
yes,27,Stage - Partenariats Opérations et Stratégie (x/f/m) - janvier 2027,Doctolib,3000,"Paris, France",Internship,,WTTJ,2026-09-18,https://www.welcometothejungle.com/fr/companies/doctolib/jobs/stage-partenariats-operations-et-strategie-x-f-m-janvier-2027_paris
yes,27,Analyste stratégie innovation deeptech F/H,Bpifrance,4000,"Paris (9e), France",Internship,,WTTJ,2026-09-24,https://www.welcometothejungle.com/fr/companies/bpi-france-digital/jobs/analyste-strategie-innovation-deeptech-f-h_paris-9e_BPIFR_049AYwD
yes,27,"[Paris] Investment & Strategy Analyst Intern (End-of-Studies/Gap Year, start date Jan'27)",Dedale Intelligence,250,"Paris, France",Internship,,WTTJ,2026-10-02,https://www.welcometothejungle.com/fr/companies/software-club/jobs/end-of-study-investment-analyst-intern-jan-2026_paris
yes,27,Business Strategy Analyst Internship - Paris,Papernest,950,"Paris, France",Internship,,WTTJ,2026-09-27,https://www.welcometothejungle.com/fr/companies/souscritoo/jobs/business-strategy-analyst-internship-paris_paris
yes,27,Strategy & Business Analyst Intern,BlaBlaCar,1000,"Paris, France",Internship,,WTTJ,2026-09-24,https://www.welcometothejungle.com/fr/companies/blablacar/jobs/strategy-business-analyst-intern_paris_BLABL_XzexyQe
yes,27,Stage - Chef de projet digital junior - H/F,BNP Paribas,180994,"Levallois, France",Internship,,WTTJ,2026-10-06,https://www.welcometothejungle.com/fr/companies/bnp-paribas/jobs/stage-chef-de-projet-digital-junior-h-f_levallois
yes,27,Stage Assistant Chef de Projet Opérations - H/F,GLOBE GROUPE FRANCE,200,"Neuilly-Sur-Seine, France",Internship,,WTTJ,2026-09-29,https://www.welcometothejungle.com/fr/companies/globe-groupe/jobs/stage-assistant-chef-de-projet-operations-h-f_neuilly-sur-seine
yes,27,Chargé de mission analyste stratégique F/H,Bpifrance,4000,"Maisons Alfort, France",Internship,,WTTJ,2026-09-24,https://www.welcometothejungle.com/fr/companies/bpi-france-digital/jobs/charge-de-mission-analyste-strategique-f-h_maisons-alfort_BPIFR_Q7KOr0P
yes,27,Offre de stage – Business Development et marketing stratégique (H/F),Groupe Orlade,200,"Puteaux, France",Internship,,WTTJ,2026-10-03,https://www.welcometothejungle.com/fr/companies/pmo/jobs/offre-de-stage-business-development-et-marketing-strategique-h-f_puteaux_GO_3j7rzLj
yes,25,Global Innovation & Business Analyst Intern - January 2027,Pernod Ricard,Large group,Paris,Internship,,Workday,19 Days Ago,https://pernodricard.wd3.myworkdayjobs.com/pernod-ricard/job/Paris/Global-Innovation---Business-Analyst-Intern---January-2027_JR-054963
yes,25,Chef de Produit Expérimenté en Assurance-vie H/F,Crédit Mutuel Arkéa,12000,"Brest, France",VIE,,WTTJ,2026-09-27,https://www.welcometothejungle.com/fr/companies/credit-mutuel-arkea/jobs/chef-de-produit-experimente-en-assurance-vie-h-f_brest
yes,25,Chef(fe) de projet déploiement stratégie assurance vie,Abeille Assurances (Aéma Groupe),3900,"Bois-Colombes, France",VIE,,WTTJ,2026-09-03,https://www.welcometothejungle.com/fr/companies/abeille-assurances-aema-groupe/jobs/chef-de-projet-deploiement-strategie-assurance-vie_bois-colombes
yes,25,Stage - Stratégie Client & Transformation H/F,Crédit Agricole,160000,"Montrouge, France",Internship,,WTTJ,2026-10-02,https://www.welcometothejungle.com/fr/companies/groupe-credit-agricole/jobs/stage-strategie-client-transformation-h-f_montrouge
yes,25,Stage - Stratégie Développement Durable & Prospective Stratégique - H/F,Schneider Electric,160000,"Rueil-Malmaison, France",Internship,,WTTJ,2026-10-01,https://www.welcometothejungle.com/fr/companies/schneider-electric/jobs/stage-strategie-developpement-durable-prospective-strategique-h-f_rueil-malmaison
yes,25,STAGE - CHEF DE PROJET STRATEGIE F/H,Cdiscount,2000,"Bordeaux (33), France",Internship,,WTTJ,2026-09-15,https://www.welcometothejungle.com/fr/companies/cdiscount/jobs/stage-chef-de-projet-strategie-f-h_bordeaux-33_CDISC_AKAXyeR
yes,25,STAGE - Chef de Projet Transformation SI GMAO / GED (H/F),Hermès,26494,"Le Pré-Saint-Gervais, France",Internship,,WTTJ,2026-10-03,https://www.welcometothejungle.com/fr/companies/hermes/jobs/stage-chef-de-projet-transformation-si-gmao-ged-h-f_le-pre-saint-gervais_HERMS_X0Owdwl
yes,25,STAGE - Assistant Chef de Projet Digital - Expérience Client (H/F),Hermès,26494,"Pantin, France",Internship,,WTTJ,2026-09-25,https://www.welcometothejungle.com/fr/companies/hermes/jobs/stage-assistant-chef-de-projet-digital-experience-client-h-f_pantin
yes,25,Stage - Assistant chef de projet digital H/F,Burger King France,30000,"Clichy, France",Internship,,WTTJ,2026-09-24,https://www.welcometothejungle.com/fr/companies/burger-king-1/jobs/stage-assistant-chef-de-projet-digital-h-f_clichy_BKF_AJzdP3R
yes,25,Stage Assistant Chef de Projet Digital H/F,Crédit Agricole,160000,"Montrouge, France",Internship,,WTTJ,2026-09-10,https://www.welcometothejungle.com/fr/companies/groupe-credit-agricole/jobs/stage-assistant-chef-de-projet-digital-h-f_montrouge
yes,25,Stage - Assistant Chef de Projet digital H/F/X - Yves Rocher,Groupe Rocher,16000,"Issy-Les-Moulineaux, France",Internship,,WTTJ,2026-09-09,https://www.welcometothejungle.com/fr/companies/groupe-rocher/jobs/stage-assistant-chef-de-projet-digital-h-f-x-yves-rocher_issy-les-moulineaux_GR_4wPod90
yes,25,HAVAS PARIS - STAGE - ASSITANT CHEF DE PROJET DIGITAL (F/H),Havas France,3500,"Puteaux, France",Internship,,WTTJ,2026-08-15,https://www.welcometothejungle.com/fr/companies/havas-sa/jobs/havas-paris-stage-assitant-chef-de-projet-digital-h-f_puteaux
yes,25,Chef de projet transformation H/F - Stage 6 mois,Sysco France,4200,"Le Kremlin-Bicêtre, France",Internship,,WTTJ,2026-10-06,https://www.welcometothejungle.com/fr/companies/sysco-france/jobs/chef-de-projet-transformation-h-f-stage-6-mois_le-kremlin-bicetre
yes,25,STAGE - Chargé de Projet Transformation Marketing & Sales - F/H,Thales,80000,"Meudon, France",Internship,,WTTJ,2026-09-11,https://www.welcometothejungle.com/fr/companies/thales/jobs/stage-charge-de-projet-transformation-marketing-sales-f-h_meudon_THALE_PNboXm
yes,25,Stage Ingénieur Supply Chain - Transformation Digitale et Amélioration Continue,Schneider Electric,160000,"Rueil-Malmaison, France",Internship,,WTTJ,2026-09-08,https://www.welcometothejungle.com/fr/companies/schneider-electric/jobs/stage-ingenieur-supply-chain-transformation-digitale-et-amelioration-continue_rueil-malmaison
yes,25,Chargé de projet de Transformation (F/H) en stage,Carrefour,100000,"Massy, France",Internship,,WTTJ,2026-10-06,https://www.welcometothejungle.com/fr/companies/carrefour/jobs/charge-de-projet-de-transformation-f-h-en-stage_massy
yes,25,STAGE - Assistant Chargé de Projet Transformation Digitale (H/F),Hermès,26494,"Paris, France",Internship,,WTTJ,2026-09-12,https://www.welcometothejungle.com/fr/companies/hermes/jobs/stage-assistant-chef-de-projet-digital-transformation-h-f_paris
yes,25,Stage - Data Analyst - BI & Digital Transformation H/F,WS Audiology,12000,"Saint-Ouen-Sur-Seine, France",Internship,,WTTJ,2026-09-14,https://www.welcometothejungle.com/fr/companies/wsaudiology-france/jobs/stage-data-analyst-bi-digital-transformation-h-f_saint-ouen-sur-seine
yes,25,Chef de projet - Transformation Project Office,Société Générale,110000,"La Défense, France",Internship,,WTTJ,2026-08-31,https://www.welcometothejungle.com/fr/companies/societe-generale/jobs/chef-de-projet-transformation-project-office_la-defense_SG_NN8k2wL
yes,25,Chef de Projet RSE Supply Chain-Stage (H/F/X),Ferrero,1400,"Rouen, France",Internship,,WTTJ,2026-10-02,https://www.welcometothejungle.com/fr/companies/ferrero/jobs/chef-de-projet-rse-supply-chain-stage-h-f-x_rouen_FERRE_wqeYVr1
yes,25,Chef de Projet Digitalisation Supply Chain-Stage(H/F/X),Ferrero,1400,"Mont-Saint-Aignan, France",Internship,,WTTJ,2026-09-14,https://www.welcometothejungle.com/fr/companies/ferrero/jobs/chef-de-projet-digitalisation-supply-chain-stage-h-f-x_mont-saint-aignan
yes,25,Stage Chargé de projet Supply Chain F/H,Safran,92000,"Plaisir, France",Internship,,WTTJ,2026-10-03,https://www.welcometothejungle.com/fr/companies/safran/jobs/stage-charge-de-projet-supply-chain-f-h_plaisir
yes,25,Stage – Chargé de projet Supply Chain – F/H,Schneider Electric,160000,"Guichainville, France",Internship,,WTTJ,2026-09-10,https://www.welcometothejungle.com/fr/companies/schneider-electric/jobs/stage-charge-de-projet-supply-chain-f-h_guichainville
yes,25,STAGE - Assistant Chargé de projet Supply Chain Retail & Qualité (H/F) (H/F),Hermès,26494,"Paris, France",Internship,,WTTJ,2026-09-27,https://www.welcometothejungle.com/fr/companies/hermes/jobs/stage-assistant-charge-de-projet-supply-chain-retail-qualite-h-f-h-f_paris
yes,25,Stage - Chargé(e) de Projet Supply Chain (H/F/X),Amplifon,20000,"Paris, France",Full Time,,WTTJ,2026-09-10,https://www.welcometothejungle.com/fr/companies/amplifon/jobs/stage-charge-de-projet-supply-chain-h-f-x_paris_AMPLI_DPZj6Dl
yes,25,Assistant Product Owner Content Supply Chain,Société Générale,110000,"La Défense, France",Internship,,WTTJ,2026-09-10,https://www.welcometothejungle.com/fr/companies/societe-generale/jobs/assistant-product-owner-content-supply-chain_la-defense_SG_AodAJwo
yes,25,Stage - PMO Digital - F/H,Schneider Electric,160000,"Grenoble, France",Internship,,WTTJ,2026-09-16,https://www.welcometothejungle.com/fr/companies/schneider-electric/jobs/stage-pmo-digital-f-h_grenoble
yes,25,Stage PMO (Project Manager Office) F/H,Safran,92000,"Paris, France",Internship,,WTTJ,2026-09-15,https://www.welcometothejungle.com/fr/companies/safran/jobs/stage-pmo-project-manager-office-f-h_paris
yes,25,"PMO Gouvernance, Innovation & IA - H/F @eXalt PROVENCE",eXalt,1500,"Aix-En-Provence, France",Full Time,,WTTJ,2026-09-29,https://www.welcometothejungle.com/fr/companies/exalt/jobs/pmo-gouvernance-innovation-ia-h-f-exalt-provence_aix-en-provence
yes,25,Global CRM Strategic Project Manager (H/F),Free-Work,,"Paris, Île-de-France, France",Full-time,,LinkedIn,,https://fr.linkedin.com/jobs/view/global-crm-strategic-project-manager-h-f-at-free-work-4474087046
yes,24,Associate Project Manager Medical Operations,Sanofi,Large group,Hyderabad,Full-time,,Workday,Today,https://sanofi.wd3.myworkdayjobs.com/SanofiCareers/job/Hyderabad/Associate-Project-Manager-Medical-Operations_R2870381-1
yes,22,Supply Chain Graduate,Sanofi,Large group,Barangaroo,Full-time,,Workday,3 Days Ago,https://sanofi.wd3.myworkdayjobs.com/SanofiCareers/job/Barangaroo/Supply-Chain-Graduate_R2872225
yes,22,Business Operations Placement (13 months),Airbus,Large group,Stevenage,Full-time,,Workday,8 Days Ago,https://ag.wd3.myworkdayjobs.com/Airbus/job/Stevenage/Business-Operations-Placement--13-months-_JR10424125
yes,22,Supply Chain Operations Degree Apprenticeship,Airbus,Large group,Bristol Area,Internship,,Workday,Yesterday,https://ag.wd3.myworkdayjobs.com/Airbus/job/Bristol-Area/Supply-Chain-Operations-Degree-Apprenticeship_JR10424282
yes,22,Graduate Program Manufacturing F/H,Michelin,Large group,Clermont-Ferrand,Full-time,,Workday,30+ Days Ago,https://michelinhr.wd3.myworkdayjobs.com/Michelin/job/Clermont-Ferrand/Graduate-Program-Manufacturing-F-H_R-2026029093
yes,22,VIE - Spécialiste Amélioration Continue (H/F),EssilorLuxottica France,190000,"Montreal, Canada",VIE,2027-01,WTTJ,2026-09-28,https://www.welcometothejungle.com/fr/companies/essilor/jobs/vie-specialiste-amelioration-continue-h-f_montreal
yes,22,Graduate Program- Contrôleur de gestion F/H F/H,VINCI Construction,117000,"Kampala, Uganda",Full Time,,WTTJ,2026-10-06,https://www.welcometothejungle.com/fr/companies/vinci-construction-fr/jobs/graduate-program-controleur-de-gestion-f-h-f-h_kampala
yes,20,Supply Chain Intern – Customer Fulfillment & Demand Planning,Sanofi,Large group,Reading,Internship,,Workday,Today,https://sanofi.wd3.myworkdayjobs.com/SanofiCareers/job/Reading/Supply-Chain-Intern---Customer-Fulfillment---Demand-Planning_R2873331-1
yes,20,stage 6 mois stratégie et transformation digitale,Sanofi,Large group,Gentilly,Internship,,Workday,14 Days Ago,https://sanofi.wd3.myworkdayjobs.com/SanofiCareers/job/Gentilly/stage-6-mois-stratgie-et-transformation-digitale_R2871708
yes,20,Causal Inference Product Owner Clinical Design Modeling and Simulation within Digital,Sanofi,Large group,2 Locations,Full-time,,Workday,6 Days Ago,https://sanofi.wd3.myworkdayjobs.com/SanofiCareers/job/Morristown-NJ/Causal-Inference-Product-Owner-Clinical-Design-Modeling-and-Simulation-within-Digital_R2871648-1
yes,20,Supply Chain Digital Solutions Lead,Sanofi,Large group,Geel,Full-time,,Workday,12 Days Ago,https://sanofi.wd3.myworkdayjobs.com/SanofiCareers/job/Geel/Supply-Chain-Digital-Solutions-Lead_R2867811-1
yes,20,Supply Chain Specialist VIE Contract,Sanofi,Large group,São Paulo,VIE,,Workday,13 Days Ago,https://sanofi.wd3.myworkdayjobs.com/SanofiCareers/job/So-Paulo/Supply-Chain-Specialist-VIE-Contract_R2869739
yes,20,STAGE 2027 - Stage en Stratégie de Formation & Transformation Digitale — Costing Datahub (h/f),Airbus,Large group,Toulouse Area,Internship,,Workday,11 Days Ago,https://ag.wd3.myworkdayjobs.com/Airbus/job/Toulouse-Area/STAGE-2027---Stage-en-Stratgie-de-Formation---Transformation-Digitale---Costing-Datahub--h-f-_JR10442816
yes,20,"Internship (d/f/m) within Technology, Innovation & Services Flight Physics",Airbus,Large group,Hamburg Area,Internship,,Workday,Today,https://ag.wd3.myworkdayjobs.com/Airbus/job/Hamburg-Area/Internship--d-f-m--within-Technology--Innovation---Services-Flight-Physics_JR10443231
yes,20,Digital & Technology Solutions Degree Apprenticeship,Airbus,Large group,Broughton,Internship,,Workday,Yesterday,https://ag.wd3.myworkdayjobs.com/Airbus/job/Broughton/Digital---Technology-Solutions-Degree-Apprenticeship_JR10427977
yes,20,Digital & Technology Solutions Plant Degree Apprenticeship,Airbus,Large group,Broughton,Internship,,Workday,Yesterday,https://ag.wd3.myworkdayjobs.com/Airbus/job/Broughton/Digital---Technology-Solutions-Plant-Degree-Apprenticeship_JR10427966
yes,20,Digital and Technology Solutions Degree Apprenticeship,Airbus,Large group,Bristol Area,Internship,,Workday,Yesterday,https://ag.wd3.myworkdayjobs.com/Airbus/job/Bristol-Area/Digital-and-Technology-Solutions-Degree-Apprenticeship_JR10428737
yes,20,Digital and Technology Solutions Degree Engineering Apprenticeship,Airbus,Large group,Bristol Area,Internship,,Workday,Yesterday,https://ag.wd3.myworkdayjobs.com/Airbus/job/Bristol-Area/Digital-and-Technology-Solutions-Degree-Engineering-Apprenticeship_JR10430012
yes,20,#DIGITAL CAMPUS -  SAP Product Manager Finance/Controlling,Airbus,Large group,Albacete,Full-time,,Workday,Today,https://ag.wd3.myworkdayjobs.com/Airbus/job/Albacete/XMLNAME--DIGITAL-CAMPUS----SAP-Product-Manager-Finance-Controlling_JR10443045
yes,20,APAC Regional Operational Process Improvement - Internship,Michelin,Large group,Bangkok MSG Headquarters,Internship,,Workday,18 Days Ago,https://michelinhr.wd3.myworkdayjobs.com/Michelin/job/Bangkok-MSG-Headquarters/Operational-Process-Improvement---Internship_R-2026029189
yes,20,APAC Regional Digital Transformation - Internship,Michelin,Large group,Bangkok MSG Headquarters,Internship,,Workday,18 Days Ago,https://michelinhr.wd3.myworkdayjobs.com/Michelin/job/Bangkok-MSG-Headquarters/Digital-Transformation---Internship_R-2026029200
yes,20,Internship : Assistant digital project manager M/F,Pernod Ricard,Large group,,Internship,,Workday,30+ Days Ago,https://pernodricard.wd3.myworkdayjobs.com/pernod-ricard/job/Global-Trade-Advocacy-Intern_JR-038513-1
yes,20,Stage Stratégie : Analyste marketing du marché international F/H,MBDA France,8000,"Le Plessis-Robinson, France",Internship,2027-03,WTTJ,2026-10-05,https://www.welcometothejungle.com/fr/companies/mbda-france-fr/jobs/stage-strategie-analyste-marketing-du-marche-international-f-h_le-plessis-robinson
yes,20,Stage Stratégie : R&T Capture Plan France F/H,MBDA France,8000,"Le Plessis-Robinson, France",Internship,2027-02,WTTJ,2026-10-01,https://www.welcometothejungle.com/fr/companies/mbda-france-fr/jobs/stage-strategie-r-t-capture-plan-france-f-h_le-plessis-robinson
yes,20,Stage Simulation Numériques : Stratégie d'interception d'une vague d'assaillants  F/H,MBDA France,8000,"Le Plessis-Robinson, France",Internship,2027-02,WTTJ,2026-10-05,https://www.welcometothejungle.com/fr/companies/mbda-france-fr/jobs/stage-simulation-numeriques-strategie-d-interception-d-une-vague-d-assaillants-f-h_le-plessis-robinson
yes,20,Stage Electronique de Puissance : Développement d'une stratégie de commande pour un DC/DC isolé F/H,MBDA France,8000,"Le Plessis-Robinson, France",Internship,2027-02,WTTJ,2026-09-25,https://www.welcometothejungle.com/fr/companies/mbda-france-fr/jobs/stage-electronique-de-puissance-developpement-d-une-strategie-de-commande-pour-un-dc-dc-isole-f-h_le-plessis-robinson
yes,20,Stage M&A et Strategy H/F,iad,500,"Paris, France",Internship,2027-02,WTTJ,2026-09-24,https://www.welcometothejungle.com/fr/companies/iad/jobs/stage-m-a-et-strategy-h-f_paris_IAD_7ljLjX3
yes,20,STAGE – Chef de projet junior H/F,Groupement Mousquetaires,160000,"Vert-Le-Grand, France",Internship,2027-01,WTTJ,2026-09-19,https://www.welcometothejungle.com/fr/companies/groupement-les-mousquetaires/jobs/stage-chef-de-projet-junior-h-f_vert-le-grand_GM_0aRXZ0D
yes,20,Stage Gestion de Projet : PMO au sein du service Support Client F/H,MBDA France,8000,"Le Plessis-Robinson, France",Internship,2027-02,WTTJ,2026-10-01,https://www.welcometothejungle.com/fr/companies/mbda-france-fr/jobs/stage-gestion-de-projet-pmo-au-sein-du-service-support-client-f-h_le-plessis-robinson
yes,20,Stage Supply Chain : Amélioration des pratiques métiers au sein d'un service d'approvisionnement F/H,MBDA France,8000,"Bourges, France",Internship,2027-02,WTTJ,2026-09-30,https://www.welcometothejungle.com/fr/companies/mbda-france-fr/jobs/stage-supply-chain-amelioration-des-pratiques-metiers-au-sein-d-un-service-d-approvisionnement-f-h_bourges_MF_3q02zjj
yes,19,VIE- Agent technique de fabrication produits d'instrumentation F/H,Framatome,22000,"Grenoble, France",VIE,,WTTJ,2026-10-01,https://www.welcometothejungle.com/fr/companies/framatome-1/jobs/vie-agent-technique-de-fabrication-produits-d-instrumentation-f-h_grenoble_FRAMA_78m1QOL
yes,19,HAVAS MEDIA FRANCE - STAGE - BRAND STRATEGY CONSULTANT(E) JUNIOR - F/H,Havas France,3500,"Puteaux, France",Internship,,WTTJ,2026-10-01,https://www.welcometothejungle.com/fr/companies/havas-sa/jobs/havas-media-france-stage-brand-strategy-consultant-e-junior-f-h_puteaux
yes,19,Global Merchants Strategy & Growth intern,Edenred,400,"Issy-Les-Moulineaux, France",Internship,,WTTJ,2026-09-24,https://www.welcometothejungle.com/fr/companies/edenred-holding/jobs/global-merchants-strategy-growth-intern_issy-les-moulineaux
yes,19,Growth strategy intern,Edenred,400,"Issy-Les-Moulineaux, France",Internship,,WTTJ,2026-08-31,https://www.welcometothejungle.com/fr/companies/edenred-holding/jobs/growth-strategy-intern_issy-les-moulineaux_EDENR_JjXwV1b
yes,19,Stage | Chef de Projet H/F - Senseo x Tour de France,JDE Peet’s France,830,"Paris, France",Internship,,WTTJ,2026-09-15,https://www.welcometothejungle.com/fr/companies/jacobs-douwe-egberts/jobs/stage-chef-de-projet-h-f-senseo-x-tour-de-france_paris
yes,19,"Stage | Chef de Produit H/F - L’Or, Senseo, Tassimo",JDE Peet’s France,830,"Paris, France",Internship,,WTTJ,2026-09-08,https://www.welcometothejungle.com/fr/companies/jacobs-douwe-egberts/jobs/stage-chef-de-produit-h-f-l-or-senseo-tassimo_paris_JPF_WQjg1NA
yes,19,Chargé d'opérations de financement F/H,Bpifrance,4000,"Lyon, France",Internship,,WTTJ,2026-09-24,https://www.welcometothejungle.com/fr/companies/bpi-france-digital/jobs/charge-d-operations-de-financement-f-h_lyon_BPIFR_PdDQ69L
yes,19,Chargé d'opérations de financement court terme F/H,Bpifrance,4000,"Lille, France",Internship,,WTTJ,2026-09-24,https://www.welcometothejungle.com/fr/companies/bpi-france-digital/jobs/charge-d-operations-de-financement-court-terme-f-h_lille_BPIFR_MmP4e2e
yes,18,STAGE - Business Analyst H/F,Groupement Mousquetaires,160000,"Vert-Le-Grand, France",Internship,2027-01,WTTJ,2026-09-30,https://www.welcometothejungle.com/fr/companies/groupement-les-mousquetaires/jobs/stage-business-analyst-h-f_vert-le-grand_GM_76VQeql
yes,18,STAGE - Chef de Projet Marketing Concept H/F,Groupement Mousquetaires,160000,"Vert-Le-Grand, France",Internship,2027-01,WTTJ,2026-10-01,https://www.welcometothejungle.com/fr/companies/groupement-les-mousquetaires/jobs/stage-chef-de-projet-marketing-concept-h-f_vert-le-grand
yes,18,STAGE - Chef de projet Sponsoring H/F,Groupement Mousquetaires,160000,"Vert-Le-Grand, France",Internship,2027-01,WTTJ,2026-09-30,https://www.welcometothejungle.com/fr/companies/groupement-les-mousquetaires/jobs/stage-chef-de-projet-sponsoring-h-f_vert-le-grand_GM_gw3gdyN
yes,18,Stage Chef de Projet Marketing B2B Développement F/H,Nespresso,1300,"Fr-Nespresso Siège Shift Paris, France",Internship,2027-01,WTTJ,2026-09-22,https://www.welcometothejungle.com/fr/companies/nespresso/jobs/stage-chef-de-projet-marketing-b2b-developpement-f-h_fr-nespresso-siege-shift-paris
yes,18,STAGE - Chef de projet CRM H/F,Groupement Mousquetaires,160000,"Bondoufle, France",Internship,2027-01,WTTJ,2026-09-17,https://www.welcometothejungle.com/fr/companies/groupement-les-mousquetaires/jobs/stage-chef-de-projet-crm-h-f_bondoufle
yes,18,STAGE - ASSISTANT PRODUCT MANAGER FRONT F/H,Cdiscount,2000,"Bordeaux (33), France",Internship,2027-01,WTTJ,2026-10-02,https://www.welcometothejungle.com/fr/companies/cdiscount/jobs/stage-assistant-product-manager-front-f-h_bordeaux-33_CDISC_34G33K7
yes,18,STAGE - ASSISTANT PRODUCT MANAGER IA F/H,Cdiscount,2000,"Bordeaux (33), France",Internship,2027-01,WTTJ,2026-09-25,https://www.welcometothejungle.com/fr/companies/cdiscount/jobs/stage-assistant-product-manager-ia-f-h_bordeaux-33
yes,18,STAGE - Chef de produit H/F,Groupement Mousquetaires,160000,"Vert-Le-Grand, France",Internship,2027-01,WTTJ,2026-09-23,https://www.welcometothejungle.com/fr/companies/groupement-les-mousquetaires/jobs/stage-chef-de-produit-h-f_vert-le-grand_GM_Yl5Yj2
yes,18,Stage Informatique : Exploitation de données de flux Supply Chain F/H,MBDA France,8000,"Bourges, France",Internship,2027-04,WTTJ,2026-10-01,https://www.welcometothejungle.com/fr/companies/mbda-france-fr/jobs/stage-informatique-exploitation-de-donnees-de-flux-supply-chain-f-h_bourges
yes,18,Chargé de mission pilotage et de performance (F/H) - stage,AXA,21889,"Nanterre, France",Internship,2027-01,WTTJ,2026-09-19,https://www.welcometothejungle.com/fr/companies/axa/jobs/charge-de-pilotage-d-activite-f-h-stage_nanterre
yes,18,STAGE - ANALYSTE MARKETING STRATÉGIQUE - (F/H/X),CANAL+ Group,15000,"Issy-Les-Moulineaux, France",Internship,2027-01,WTTJ,2026-09-02,https://www.welcometothejungle.com/fr/companies/canal-group/jobs/stage-analyste-marketing-strategique-f-h-x_issy-les-moulineaux_CG_QYOd9ll
yes,17,Junior Brand Specialist - VIE Contract,Sanofi,Large group,Berlin,VIE,,Workday,6 Days Ago,https://sanofi.wd3.myworkdayjobs.com/SanofiCareers/job/Berlin/Junior-Brand-Specialist---VIE-Contract_R2871460
yes,17,Ensia - IT Operations Specialist Spain,Airbus,Large group,Madrid Area,Full-time,,Workday,18 Days Ago,https://ag.wd3.myworkdayjobs.com/Airbus/job/Madrid-Area/Ensia---IT-Operations-Specialist-Spain_JR10442799
yes,17,Global Prestige Strategy Intern - January 2027,Pernod Ricard,Large group,Paris,Internship,,Workday,19 Days Ago,https://pernodricard.wd3.myworkdayjobs.com/pernod-ricard/job/Paris/Global-Prestige-Strategy-Intern---January-2027_JR-054967
yes,17,Global Business Strategy Intern - January 2027,Pernod Ricard,Large group,Paris,Internship,,Workday,20 Days Ago,https://pernodricard.wd3.myworkdayjobs.com/pernod-ricard/job/Paris/Global-Business-Strategy-Intern---January-2027_JR-054952
yes,17,Creative strategy & brand positioning Intern - January 2027,Pernod Ricard,Large group,Paris,Internship,,Workday,12 Days Ago,https://pernodricard.wd3.myworkdayjobs.com/pernod-ricard/job/Paris/Creative-strategy---brand-positioning-Intern---January-2027_JR-054993
yes,17,Global Operations Analyst Intern - March 2027,Pernod Ricard,Large group,Paris,Internship,,Workday,30+ Days Ago,https://pernodricard.wd3.myworkdayjobs.com/pernod-ricard/job/Paris/Global-Operations-Analyst-Intern---March-2027_JR-054681-1
yes,17,Solution Architect –Operations,Pernod Ricard,Large group,Paris,Full-time,,Workday,30+ Days Ago,https://pernodricard.wd3.myworkdayjobs.com/pernod-ricard/job/Paris/Solution-Architect--Operations_JR-053809-1
yes,17,VIE- Technicien de contrôle produits d'instrumentation F/H,Framatome,22000,"Grenoble, France",VIE,,WTTJ,2026-10-01,https://www.welcometothejungle.com/fr/companies/framatome-1/jobs/vie-technicien-de-controle-produits-d-instrumentation-f-h_grenoble_FRAMA_YZe66Ag
yes,17,VIE - Regional Junior Legal Consel (H/F),Hermès,26494,"Singapour, Singapore",VIE,,WTTJ,2026-09-27,https://www.welcometothejungle.com/fr/companies/hermes/jobs/vie-regional-junior-legal-consel-h-f_singapour
yes,17,Gestionnaire Back-Office - Assurance Vie H/F,Crédit Agricole,160000,"Paris, France",VIE,,WTTJ,2026-09-17,https://www.welcometothejungle.com/fr/companies/groupe-credit-agricole/jobs/gestionnaire-back-office-assurance-vie-h-f_paris
yes,17,Responsable qualité projet & vie série F/H/X,Socomec,4400,"Benfeld, France",VIE,,WTTJ,2026-09-17,https://www.welcometothejungle.com/fr/companies/socomec-1/jobs/responsable-qualite-projet-vie-serie-f-h-x_benfeld
yes,17,Gestionnaire Middle Office Assurance Vie H/F,Crédit Agricole,160000,"Paris, France",VIE,,WTTJ,2026-09-08,https://www.welcometothejungle.com/fr/companies/groupe-credit-agricole/jobs/gestionnaire-middle-office-assurance-vie-h-f_paris
yes,17,V.I.E.-12 mois-Analyste opérations et processus-Luxembourg,Natixis,13600,"Luxembourg, Luxembourg",Vie,,WTTJ,2026-08-28,https://www.welcometothejungle.com/fr/companies/natixis/jobs/v-i-e-12-mois-analyste-operations-et-processus-luxembourg_luxembourg
yes,17,Graduate Management Traineeship Programme (GMT) - France,AB InBev France,225,"Paris, France",Graduate Program,,WTTJ,2026-09-21,https://www.welcometothejungle.com/fr/companies/ab-inbev-france-new/jobs/graduate-management-traineeship-programme-gmt-france_paris_AIF_Z90eO3q
yes,17,Stage  | Assistant(e) Stratégie Media et Activation OPS H/F,Groupe M6,1700,"Neuilly-Sur-Seine, France",Internship,,WTTJ,2026-09-30,https://www.welcometothejungle.com/fr/companies/m6-publicite/jobs/stage-assistant-strategie-media-et-activation-ops-h-f_neuilly-sur-seine_GM_aJ3yWWD
yes,17,Chargé(e) de stratégie de sourcing des produits reconditionnés H/F (Stage),Manutan,734,"Le Bourget, France",Internship,,WTTJ,2026-09-26,https://www.welcometothejungle.com/fr/companies/manutan/jobs/stagiaire-charge-de-strategie-de-sourcing-des-produits-reconditionnes-h-f_le-bourget
yes,17,STAGE Product Strategy & Business Performance Analyst (H/F),SERVIER,22000,"Suresnes, France",Internship,,WTTJ,2026-10-01,https://www.welcometothejungle.com/fr/companies/servier/jobs/stage-product-strategy-business-performance-analyst-h-f_suresnes
yes,17,Stage | Assistant(e) Chef de projet OPS M6 UNLIMITED H/F,Groupe M6,1700,"Neuilly-Sur-Seine, France",Internship,,WTTJ,2026-09-30,https://www.welcometothejungle.com/fr/companies/m6-publicite/jobs/stage-assistant-chef-de-projet-ops-m6-unlimited-h-f_neuilly-sur-seine_GM_63rJpqj
yes,17,Strategy & Project Management Intern,Papernest,950,"Barcelona, Spain",Internship,,WTTJ,2026-10-03,https://www.welcometothejungle.com/fr/companies/souscritoo/jobs/strategy-project-management-intern_barcelona_PAPER_lmwPVW
yes,17,Global merchants strategy & new service development intern,Edenred,400,"Issy-Les-Moulineaux, France",Internship,,WTTJ,2026-10-02,https://www.welcometothejungle.com/fr/companies/edenred-holding/jobs/global-merchants-strategy-new-service-development-intern_issy-les-moulineaux
yes,17,Benefits and Engagement Strategy Team,Edenred,400,"Issy-Les-Moulineaux, France",Internship,,WTTJ,2026-09-28,https://www.welcometothejungle.com/fr/companies/edenred-holding/jobs/benefits-and-engagement-strategy-team_issy-les-moulineaux
yes,17,Group Strategy Intern,Edenred,400,"Issy-Les-Moulineaux, France",Internship,,WTTJ,2026-09-24,https://www.welcometothejungle.com/fr/companies/edenred-holding/jobs/group-strategy-intern_issy-les-moulineaux
yes,17,Strategy & M&A Intern - 6 months (m/f/d),Deezer,600,"Paris, France",Internship,,WTTJ,2026-09-24,https://www.welcometothejungle.com/fr/companies/deezer/jobs/strategy-m-a-intern-6-months-m-f-d_paris
yes,17,Product Strategy Intern,Edenred,400,"Issy-Les-Moulineaux, France",Internship,,WTTJ,2026-09-21,https://www.welcometothejungle.com/fr/companies/edenred-holding/jobs/product-strategy-intern_issy-les-moulineaux_EDENR_GPQaMx7
yes,17,Strategy Consulting Intern – Financial Services,Alvarez & Marsal France,250,"Paris, France",Internship,,WTTJ,2026-09-16,https://www.welcometothejungle.com/fr/companies/alvarez-marsal-holdings-llc/jobs/strategy-consulting-intern-financial-services_paris_AMF_PDA8Q0x
yes,17,Strategy & Revenue Analyst Intern - Spanish market,Papernest,950,"Barcelona, Spain",Internship,,WTTJ,2026-09-07,https://www.welcometothejungle.com/fr/companies/souscritoo/jobs/strategy-revenue-analyst-intern-spanish-market_barcelona
yes,17,Consultant stagiaire People & Strategy (H/F),BearingPoint France,6189,"Paris La Défense, France",Internship,,WTTJ,2026-09-02,https://www.welcometothejungle.com/fr/companies/bearingpoint-france/jobs/consultant-stagiaire-people-strategy-h-f_paris-la-defense_BF_XkRpwe1
yes,17,Stage - Business Developer Junior - Mobilité Electrique - H/F,TOHMO,300,"Paris, France",Internship,,WTTJ,2026-09-25,https://www.welcometothejungle.com/fr/companies/zeplug/jobs/stage-business-developer-junior-mobilite-electrique-h-f_lyon_ZEPLU_Wd92AVz
yes,17,Stagiaire de Fin d’Etudes Business Developer Infrastructure IT F/H,VINCI Energies en France,39000,"Saint-Laurent-Blangy, France",Internship,,WTTJ,2026-10-05,https://www.welcometothejungle.com/fr/companies/vinci-energies/jobs/stagiaire-de-fin-d-etudes-business-developer-infrastructure-it-f-h_saint-laurent-blangy
yes,17,Stage - Chef de projet junior Normes et usages risque crédit (Bâle IV) H/F,Crédit Agricole,160000,"Montrouge, France",Internship,,WTTJ,2026-10-02,https://www.welcometothejungle.com/fr/companies/groupe-credit-agricole/jobs/stage-chef-de-projet-junior-normes-et-usages-risque-credit-bale-iv-h-f_montrouge
yes,17,STAGE - Chef de projet Junior (F/H),Thales,80000,"Elancourt, France",Internship,,WTTJ,2026-09-25,https://www.welcometothejungle.com/fr/companies/thales/jobs/stage-chef-de-projet-junior-f-h_elancourt_THALE_xNj19jp
yes,17,STAGE - Assistant Chef de Projet SI Supply Junior (H/F),Hermès,26494,"Pantin, France",Internship,,WTTJ,2026-09-24,https://www.welcometothejungle.com/fr/companies/hermes/jobs/stage-assistant-chef-de-projet-si-supply-junior-h-f_pantin
yes,17,HAVAS EVENTS - STAGE - CHEF DE PROJET JUNIOR (F/H/X),Havas France,3500,"Puteaux, France",Internship,,WTTJ,2026-09-22,https://www.welcometothejungle.com/fr/companies/havas-sa/jobs/havas-events-stage-chef-de-projet-junior-f-h-x_puteaux
yes,17,Stage  - Assistant chef de projet Commerce International H/F,BNP Paribas,180994,"Paris, France",Internship,,WTTJ,2026-09-17,https://www.welcometothejungle.com/fr/companies/bnp-paribas/jobs/stage-assistant-chef-de-projet-commerce-international-h-f_paris
yes,17,Stage - Assistant Chef de Projet (H/F),Coface,5236,"Bois-Colombes, France",Internship,,WTTJ,2026-09-16,https://www.welcometothejungle.com/fr/companies/coface/jobs/stage-assistant-chef-de-projet-h-f_bois-colombes
yes,17,Stage - Assistant Chef de Projet – Data & Access management (H/F),Coface,5236,"Bois-Colombes, France",Internship,,WTTJ,2026-09-16,https://www.welcometothejungle.com/fr/companies/coface/jobs/stage-assistant-chef-de-projet-data-access-management-h-f_bois-colombes
yes,17,Stage - Chef de Projet Animation de communautés Junior - H/F,BNP Paribas,180994,"Pantin, France",Internship,,WTTJ,2026-08-09,https://www.welcometothejungle.com/fr/companies/bnp-paribas/jobs/stage-chef-de-projet-junior-h-f_pantin
yes,17,[ VO2 Force] - Stage Chef de projet Junior,VO2 GROUP,700,"Paris, France",Internship,,WTTJ,2026-04-10,https://www.welcometothejungle.com/fr/companies/vo2-group/jobs/vo2-force-stage-chef-de-projet-junior_paris
yes,17,Junior Product Manager - Stage (H/F/N),Believe,2037,"Paris, France",Internship,,WTTJ,2026-10-03,https://www.welcometothejungle.com/fr/companies/believe-digital/jobs/junior-product-manager-stage-h-f-n_paris_BELIE_LyDMb7R
yes,17,Product Manager Junior (H/F),Hello Watt,250,"Paris, France",Internship,,WTTJ,2026-10-05,https://www.welcometothejungle.com/fr/companies/hello-watt/jobs/product-manager-junior-h-f-stage_paris_HW_OZO8mla
yes,17,Product Manager,RainPath,,"Paris, France",Full Time,,WTTJ,2026-08-11,https://www.welcometothejungle.com/fr/companies/rainpath/jobs/product-manager_paris
yes,17,Stage de 6 mois : Assistant.e chef de produit et social média manager,Agence France-Presse,2600,"Paris, France",Internship,,WTTJ,2026-09-30,https://www.welcometothejungle.com/fr/companies/agence-france-presse/jobs/stage-assistant-e-chef-de-produit-et-social-media-manager_paris
yes,17,Product & Operations Management Apprentice,Back Market,700,"Bordeaux, France",Internship,,WTTJ,2026-09-19,https://www.welcometothejungle.com/fr/companies/back-market/jobs/product-operations-management-apprentice_bordeaux
yes,17,Consultant(e) Junior en Transformation des Organisations et Transformation Digitale - Secteur de l'habitat - Stage – Paris ou Lyon,Groupe SCET HTC,348,"Lyon, France",Internship,,WTTJ,2026-10-06,https://www.welcometothejungle.com/fr/companies/scet/jobs/consultant-junior-en-transformation-des-organisations-et-transformation-digitale-secteur-de-l-habitat-stage-paris-ou-lyon
yes,17,STAGE - Supply Chain Intern (H/F),EssilorLuxottica France,190000,"Créteil, France",Internship,,WTTJ,2026-09-10,https://www.welcometothejungle.com/fr/companies/essilor/jobs/stage-supply-chain-intern-h-f_creteil
yes,17,Stage chargé process service client F/H/X,Socomec,4400,"Benfeld, France",Internship,,WTTJ,2026-09-24,https://www.welcometothejungle.com/fr/companies/socomec-1/jobs/stage-charge-process-service-client-f-h-x_benfeld
yes,17,STAGE - Business Analyst Junior (H/F) - ŠKODA,Volkswagen Group France,744,"Roissy-En-France, France",Internship,,WTTJ,2026-10-02,https://www.welcometothejungle.com/fr/companies/volkswagen-group-france-fr/jobs/stage-business-analyst-junior-h-f-skoda_roissy-en-france_VGF_GWZM35A
yes,17,Business Analyst Junior H/F,Crédit Agricole CIB,10400,"Saint-Quentin-En-Yvelines, France",Internship,,WTTJ,2026-09-23,https://www.welcometothejungle.com/fr/companies/credit-agricole-cib/jobs/business-analyst-junior-h-f_saint-quentin-en-yvelines
yes,17,Chargé de Mission Contrôle &amp; Eligibilité  F/H,Bpifrance,4000,"Maisons Alfort, France",Internship,,WTTJ,2026-10-05,https://www.welcometothejungle.com/fr/companies/bpi-france-digital/jobs/charge-de-mission-controle-amp-eligibilite-f-h_maisons-alfort
yes,17,Chargé de mission RH et Evènementiel F/H,Bpifrance,4000,"Paris (9e), France",Internship,,WTTJ,2026-09-24,https://www.welcometothejungle.com/fr/companies/bpi-france-digital/jobs/charge-de-mission-sourcing-de-talents-externes-f-h_paris-9e_BPIFR_kMmbYPW
yes,17,Chargé de mission Diag Environnement F/H,Bpifrance,4000,"Paris (9e), France",Internship,,WTTJ,2026-09-24,https://www.welcometothejungle.com/fr/companies/bpi-france-digital/jobs/charge-de-mission-diag-environnement-f-h_paris-9e
yes,17,Chargé de mission RSE F/H,Bpifrance,4000,"Maisons Alfort, France",Internship,,WTTJ,2026-09-24,https://www.welcometothejungle.com/fr/companies/bpi-france-digital/jobs/charge-de-mission-rse-f-h_maisons-alfort_BPIFR_Wz2xZWG
yes,17,Chargé de mission RH - F/H,Bpifrance,4000,"Maisons Alfort, France",Internship,,WTTJ,2026-09-24,https://www.welcometothejungle.com/fr/companies/bpi-france-digital/jobs/charge-de-mission-rh-f-h_maisons-alfort
yes,17,Chargé de mission financement public et européen F/H,Bpifrance,4000,"Paris (9e), France",Internship,,WTTJ,2026-09-24,https://www.welcometothejungle.com/fr/companies/bpi-france-digital/jobs/charge-de-mission-financement-public-et-europeen-f-h_paris-9e_BPIFR_lXkgXdX
yes,17,Chargé de mission gouvernance risques F/H,Bpifrance,4000,"Maisons Alfort, France",Internship,,WTTJ,2026-09-24,https://www.welcometothejungle.com/fr/companies/bpi-france-digital/jobs/charge-de-mission-gouvernance-risques-f-h_maisons-alfort_BPIFR_lG1p1dW
yes,17,Chargé de mission financement européen F/H,Bpifrance,4000,"Paris (9e), France",Internship,,WTTJ,2026-09-24,https://www.welcometothejungle.com/fr/companies/bpi-france-digital/jobs/charge-de-mission-financement-europeen-f-h_paris-9e
yes,17,Chargé(e) de Mission Affaires Publiques Internationales (F/H),Orano,17500,"Châtillon, France",Internship,,WTTJ,2026-10-02,https://www.welcometothejungle.com/fr/companies/orano/jobs/charge-de-mission-affaires-publiques-internationales-f-h_chatillon_ORANO_78DKOj0
yes,17,Chargé de Gestion de Projets Process et IA–   F/H,Bpifrance,4000,"Maisons Alfort, France",Internship,,WTTJ,2026-09-29,https://www.welcometothejungle.com/fr/companies/bpi-france-digital/jobs/charge-de-gestion-de-projets-process-et-ia-f-h_maisons-alfort
yes,17,Chargé d'affaires européennes F/H,Bpifrance,4000,"Maisons Alfort, France",Internship,,WTTJ,2026-09-28,https://www.welcometothejungle.com/fr/companies/bpi-france-digital/jobs/charge-d-affaires-europeennes-f-h_maisons-alfort_BPIFR_jALNyRg
yes,17,Chargé de suivi des projets d'innovation écotech F/H,Bpifrance,4000,"Paris (9e), France",Internship,,WTTJ,2026-09-24,https://www.welcometothejungle.com/fr/companies/bpi-france-digital/jobs/charge-de-suivi-des-projets-d-innovation-ecotech-f-h_paris-9e_BPIFR_eD4Mmr7
yes,17,Chargé de développement innovation F/H,Bpifrance,4000,"Paris (9e), France",Internship,,WTTJ,2026-09-24,https://www.welcometothejungle.com/fr/companies/bpi-france-digital/jobs/charge-de-developpement-innovation-f-h_paris-9e_BPIFR_13Dl2G5
yes,17,Chef de projet MOE (F/H),Ministère des Affaires étrangères français,,"Nantes, Pays de la Loire, France",Full-time,,LinkedIn,,https://fr.linkedin.com/jobs/view/chef-de-projet-moe-f-h-at-minist%C3%A8re-des-affaires-%C3%A9trang%C3%A8res-fran%C3%A7ais-4475571516
yes,15,internship 6 months digital product management,Sanofi,Large group,Paris,Internship,,Workday,Today,https://sanofi.wd3.myworkdayjobs.com/SanofiCareers/job/Paris/internship-6-months---digital-product-management_R2873992
yes,15,Lead New Product Planning Forecasting,Sanofi,Large group,Barcelona,Full-time,,Workday,8 Days Ago,https://sanofi.wd3.myworkdayjobs.com/SanofiCareers/job/Barcelona/Lead-New-Product-Planning-Forecasting_R2871360
yes,15,Product Manager,Sanofi,Large group,Barcelona,Full-time,,Workday,5 Days Ago,https://sanofi.wd3.myworkdayjobs.com/SanofiCareers/job/Barcelona/Product-Manager_R2872451-1
yes,15,Regional Perfo & Transformation Manager,Airbus,Large group,CPO - Copenhagen Office,Full-time,,Workday,Yesterday,https://ag.wd3.myworkdayjobs.com/Airbus/job/CPO---Copenhagen-Office/Regional-Perfo---Transformation-Manager_JR10447522
yes,15,Project Manager and Logistic Continuous Improvement Leader H/F,Airbus,Large group,Tremblay-en-France,Full-time,,Workday,Yesterday,https://ag.wd3.myworkdayjobs.com/Airbus/job/Tremblay-en-France/Project-Manager-and-Logistic-Continuous-Improvement-Leader-H-F_JR10434554
yes,15,VIE Product Developer RTD,Pernod Ricard,Large group,Dublin,VIE,,Workday,28 Days Ago,https://pernodricard.wd3.myworkdayjobs.com/pernod-ricard/job/Dublin/VIE-Product-Developer-RTD_JR-054612-1
yes,15,VIE - Category Specialist - Ready-to-Drink,Pernod Ricard,Large group,Paris,VIE,,Workday,20 Days Ago,https://pernodricard.wd3.myworkdayjobs.com/pernod-ricard/job/Paris/VIE---Category-Specialist---Ready-to-Drink_JR-054334
yes,15,"VIE - Champagne and Provence Brand Ambassador (St Marteen, Dutch Caribbean)",Pernod Ricard,Large group,Paris,VIE,,Workday,30+ Days Ago,https://pernodricard.wd3.myworkdayjobs.com/pernod-ricard/job/Paris/VIE---Champagne-and-Provence-Brand-Ambassador--St-Marteen--Dutch-Caribbean-_JR-054537-1
yes,15,V.I.E - Supply Chain Planner,Pernod Ricard,Large group,Stockholm,Full-time,,Workday,4 Days Ago,https://pernodricard.wd3.myworkdayjobs.com/pernod-ricard/job/Stockholm/VIE---Supply-Chain-Planner_JR-055176
yes,15,Finance Business Analyst Internship - January 2027,Pernod Ricard,Large group,Paris,Internship,,Workday,29 Days Ago,https://pernodricard.wd3.myworkdayjobs.com/pernod-ricard/job/Paris/Finance-Business-Analyst-Internship--July-2026_JR-054900
yes,15,Stage M&A Stratégie - M/F - Janvier 2027,Pernod Ricard,Large group,Paris,Internship,,Workday,12 Days Ago,https://pernodricard.wd3.myworkdayjobs.com/pernod-ricard/job/Paris/Stage-M-A-Stratgie---M-F---Janvier-2027_JR-054830-1
yes,15,Business analyst intern,Pernod Ricard,Large group,Brussels,Internship,,Workday,27 Days Ago,https://pernodricard.wd3.myworkdayjobs.com/pernod-ricard/job/Brussels/Business-analyst-intern_JR-054922
yes,15,LEAP - Global Business Process Manager - Customer Service,Pernod Ricard,Large group,Paris,Full-time,,Workday,30+ Days Ago,https://pernodricard.wd3.myworkdayjobs.com/pernod-ricard/job/Paris/LEAP---Global-Business-Process-Manager---Customer-Service_JR-053266-1
yes,15,Business Process Manager - O2C / Pricing,Pernod Ricard,Large group,Paris,Full-time,,Workday,30+ Days Ago,https://pernodricard.wd3.myworkdayjobs.com/pernod-ricard/job/Paris/Business-Process-Manager---O2C---Pricing_JR-054019-1
yes,15,Digital Marketing Intern – Havana Club - March 2027,Pernod Ricard,Large group,Paris,Internship,,Workday,Yesterday,https://pernodricard.wd3.myworkdayjobs.com/pernod-ricard/job/Paris/Digital-Marketing-Intern---Havana-Club---March-2027_JR-055016
yes,15,"Product Owner - Absence, Time-Tracking and Payroll",Pernod Ricard,Large group,Paris,Full-time,,Workday,30+ Days Ago,https://pernodricard.wd3.myworkdayjobs.com/pernod-ricard/job/Paris/Payroll--Absence---Time-Tracking-Product-Owner_JR-051916-1
yes,15,Digital Engagement Intern - January 2027,Pernod Ricard,Large group,Paris,Internship,,Workday,18 Days Ago,https://pernodricard.wd3.myworkdayjobs.com/pernod-ricard/job/Paris/Digital-Engagement-Intern---January-2027_JR-054969
yes,15,Global Tech Process Manager – Finance & Tax,Pernod Ricard,Large group,Paris,Full-time,,Workday,30+ Days Ago,https://pernodricard.wd3.myworkdayjobs.com/pernod-ricard/job/Paris/Global-Tech-Process-Manager---Finance---Tax_JR-053757-1
yes,15,Business Planning & Analysis Intern,Pernod Ricard,Large group,Paris,Internship,,Workday,7 Days Ago,https://pernodricard.wd3.myworkdayjobs.com/pernod-ricard/job/Paris/Business-Planning---Analysis-Intern_JR-055134-1
yes,15,Gestionnaire Back Office Assurance de Personne / Assurance-Vie H/F,Crédit Agricole,160000,"Saint-Contest, France",VIE,,WTTJ,2026-10-06,https://www.welcometothejungle.com/fr/companies/groupe-credit-agricole/jobs/gestionnaire-back-office-assurance-de-personne-assurance-vie-h-f_saint-contest
yes,15,Assistant de Vie et de Soins de nuit F/H,Groupe VYV,49000,"Les Cars, France",VIE,,WTTJ,2026-10-06,https://www.welcometothejungle.com/fr/companies/groupe-vyv-1/jobs/assistant-de-vie-et-de-soins-de-nuit-f-h_les-cars
yes,15,Human Resources Business Partner - (H/F) - VIE,Hello Watt,250,"Valencia, Spain",VIE,,WTTJ,2026-10-05,https://www.welcometothejungle.com/fr/companies/hello-watt/jobs/responsable-rh-h-f-v-i-e-espagne_valencia
yes,15,Comptable Technique Réassurance non-vie H/F,Aon France,1200,"Paris, France",VIE,,WTTJ,2026-10-05,https://www.welcometothejungle.com/fr/companies/aon/jobs/comptable-technique-reassurance-non-vie-h-f_paris_AF_o0pA52D
yes,15,Adjoint à la cheffe du bureau du BPSCT en charge de la qualité de vie au travail,Ministère de l'Intérieur,303000,"Paris, France",VIE,,WTTJ,2026-10-04,https://www.welcometothejungle.com/fr/companies/maquette-ministere-de-l-interieur/jobs/chargee-charge-de-la-prevention-des-risques-professionnels-h-f_paris_MDL_RDe95e
yes,15,Chef(fe) du Pôle accompagnement et qualité de vie au travail,Ministère de l'Intérieur,303000,"Bordeaux, France",VIE,,WTTJ,2026-10-02,https://www.welcometothejungle.com/fr/companies/maquette-ministere-de-l-interieur/jobs/chef-fe-du-pole-accompagnement-et-qualite-de-vie-au-travail_bordeaux
yes,15,Ingénieur-e Méthodes et Outils de Durée de Vie - Structures chaudes -(F/H),Safran Aircraft Engines,17400,"Moissy-Cramayel, France",VIE,,WTTJ,2026-10-02,https://www.welcometothejungle.com/fr/companies/safran-aircraft-engines/jobs/ingenieur-e-methodes-et-outils-de-duree-de-vie-structures-chaudes-f-h_moissy-cramayel
yes,15,Gestionnaire Assurance Vie  H/F,Linking Talents,200,"Paris, France",VIE,,WTTJ,2026-10-02,https://www.welcometothejungle.com/fr/companies/linking-talents/jobs/gestionnaire-assurance-vie-h-f_paris_LT_20XGRYj
yes,15,Auxiliaire de vie à domicile F/H,Groupe VYV,49000,"Limoges, France",VIE,,WTTJ,2026-10-02,https://www.welcometothejungle.com/fr/companies/groupe-vyv-1/jobs/auxiliaire-de-vie-a-domicile-f-h_limoges_GV_x3AZmxr
yes,15,VIE Assistant Commercial Export BRESIL F/H,MBDA France,8000,"Le Plessis-Robinson, France",VIE,,WTTJ,2026-10-01,https://www.welcometothejungle.com/fr/companies/mbda-france-fr/jobs/vie-assistant-commercial-export-bresil-f-h_le-plessis-robinson_MF_kA8LXKg
yes,15,VIE - VOC Operator (H/F),Hermès,26494,"Pantin, France",VIE,,WTTJ,2026-10-01,https://www.welcometothejungle.com/fr/companies/hermes/jobs/vie-voc-operator-h-f_pantin
yes,15,VIE - SOC/CERT Analyst Chine (H/F),Hermès,26494,"Pantin, France",VIE,,WTTJ,2026-10-01,https://www.welcometothejungle.com/fr/companies/hermes/jobs/vie-soc-cert-analyst-chine-h-f_pantin
yes,15,Accompagnateur de Vie Sociale H/F,Coallia,5000,"Saignon, France",VIE,,WTTJ,2026-10-01,https://www.welcometothejungle.com/fr/companies/coallia/jobs/accompagnateur-de-vie-sociale-h-f_saignon_COALL_AqZXYLd
yes,15,Juriste produits assurance vie et offres financières,SELENCIA,200,"Courbevoie, France",VIE,,WTTJ,2026-10-01,https://www.welcometothejungle.com/fr/companies/selencia/jobs/juriste-produits-assurance-vie-et-offres-financieres_courbevoie
yes,15,CDI - Responsable Parcours Client Assurances Vie H-F,Abeille Assurances (Aéma Groupe),3900,"Bois-Colombes, France",VIE,,WTTJ,2026-09-30,https://www.welcometothejungle.com/fr/companies/abeille-assurances-aema-groupe/jobs/cdi-responsable-parcours-client-assurances-vie-h-f_bois-colombes
yes,15,Inspecteur Agents Exclusifs Vie F/H - CDI,Abeille Assurances (Aéma Groupe),3900,"Bois-Colombes, France",VIE,,WTTJ,2026-09-30,https://www.welcometothejungle.com/fr/companies/abeille-assurances-aema-groupe/jobs/inspecteur-agents-exclusifs-vie-f-h-cdi_bois-colombes
yes,15,VIE - Data Engineer (H/F) - New York,Hermès,26494,"New York, United States",VIE,,WTTJ,2026-09-30,https://www.welcometothejungle.com/fr/companies/hermes/jobs/vie-data-engineer-h-f-new-york_new-york
yes,15,VIE - Data Analyst (H/F) - New York,Hermès,26494,"New York, United States",VIE,,WTTJ,2026-09-30,https://www.welcometothejungle.com/fr/companies/hermes/jobs/vie-data-analyst-h-f-new-york_new-york_HERMS_V8mJPZp
yes,15,Chargé Conseil Organisation Habitation et Vie Privée F/H,"Groupe Covéa (MAAF, MMA, GMF)",25000,"Chauray, France",VIE,,WTTJ,2026-09-29,https://www.welcometothejungle.com/fr/companies/groupe-covea/jobs/charge-conseil-organisation-habitation-et-vie-privee-f-h_chauray
yes,15,Adjoint(e) au chef du bureau vie de l'agent,Ministère de l'Intérieur,303000,"Nice, France",VIE,,WTTJ,2026-09-28,https://www.welcometothejungle.com/fr/companies/maquette-ministere-de-l-interieur/jobs/adjoint-au-chef-du-bureau-vie-de-l-agent_nice
yes,15,Adjoint-e au chef du bureau des conditions de vie au travail et la politique du handicap,Ministère de l'Intérieur,303000,"Paris, France",VIE,,WTTJ,2026-09-28,https://www.welcometothejungle.com/fr/companies/maquette-ministere-de-l-interieur/jobs/adjoint-e-au-chef-du-bureau-des-conditions-de-vie-au-travail-et-la-politique-du-handicap_paris
yes,15,Responsable de vie scolaire MultimarquesLyon,ACE Education,290,"Lyon, France",VIE,,WTTJ,2026-09-28,https://www.welcometothejungle.com/fr/companies/ace-education/jobs/responsable-de-vie-scolaire-multimarqueslyon
yes,15,Juriste Produits - Assurance Vie H/F,Crédit Agricole,160000,"Paris, France",VIE,,WTTJ,2026-09-26,https://www.welcometothejungle.com/fr/companies/groupe-credit-agricole/jobs/juriste-produits-assurance-vie-h-f_paris
yes,15,VIE Support Amélioration Qualité F/H,Safran Aircraft Engines,17400,"Miami, United States",VIE,,WTTJ,2026-09-26,https://www.welcometothejungle.com/fr/companies/safran-aircraft-engines/jobs/vie-support-amelioration-qualite-f-h_miami
yes,15,Assistant de Vie et de Soins F/H,Groupe VYV,49000,"Mignaloux-Beauvoir, France",VIE,,WTTJ,2026-09-26,https://www.welcometothejungle.com/fr/companies/groupe-vyv-1/jobs/assistant-de-vie-et-de-soins-f-h_mignaloux-beauvoir_GV_Xg1zyre
yes,15,Auxiliaire de vie H/F,Groupe VYV,49000,"Lieusaint, France",VIE,,WTTJ,2026-09-26,https://www.welcometothejungle.com/fr/companies/groupe-vyv-1/jobs/auxiliaire-de-vie-h-f_lieusaint_GV_OV3YlJY
yes,15,VIE - Cost of Ownership Reduction (CoOR) Project Coordinator F/H,Safran Aircraft Engines,17400,"Madrid, Spain",VIE,,WTTJ,2026-09-26,https://www.welcometothejungle.com/fr/companies/safran-aircraft-engines/jobs/vie-cost-of-ownership-reduction-coor-project-coordinator-f-h_madrid
yes,15,Responsable vie scolaire | CDI | ACE Lille,ACE Education,290,"Lille, France",VIE,,WTTJ,2026-09-25,https://www.welcometothejungle.com/fr/companies/ace-education/jobs/responsable-vie-scolaire-cdi-ace-lille
yes,15,VIE - Private Equity (H/F) - Singapore - February 2027,Tikehau Capital,758,"Singapore, Singapore",VIE,,WTTJ,2026-09-25,https://www.welcometothejungle.com/fr/companies/tikehau-capital/jobs/vie-private-equity-h-f-singapore-february-2027_singapore
yes,15,Auxiliaire de vie (F/H) en service d'aide et d'accompagnement à domicile,Groupe VYV,49000,"Albi, France",VIE,,WTTJ,2026-09-24,https://www.welcometothejungle.com/fr/companies/groupe-vyv-1/jobs/auxiliaire-de-vie-f-h-en-service-d-aide-et-d-accompagnement-a-domicile_albi
yes,15,Manager Gestion de Patrimoine et Assurance Vie (H/F),Ailancy Advisory,300,"Paris, France",VIE,,WTTJ,2026-09-23,https://www.welcometothejungle.com/fr/companies/ailancy/jobs/manager-gestion-de-patrimoine-et-assurance-vie-h-f_paris_AA_Q1jOD52
yes,15,CDI - CHARGE DE GESTION ASS-VIE - H/F,Generali France,9300,"St Denis, France",VIE,,WTTJ,2026-09-23,https://www.welcometothejungle.com/fr/companies/generali-fr/jobs/cdi-charge-de-gestion-ass-vie-h-f_st-denis_GF_omN2deK
yes,15,Auxiliaire de vie à domicile H/F,Groupe VYV,49000,"Viry-Châtillon, France",VIE,,WTTJ,2026-09-23,https://www.welcometothejungle.com/fr/companies/groupe-vyv-1/jobs/auxiliaire-de-vie-a-domicile-h-f_viry-chatillon
yes,15,"DMATES SDAPES BGAPES - Adjoint.e cheffe section des affaires financières, retraites, vie en poste",Ministère de l'Intérieur,303000,"Paris, France",VIE,,WTTJ,2026-09-21,https://www.welcometothejungle.com/fr/companies/maquette-ministere-de-l-interieur/jobs/dmates-sdapes-bgapes-adjoint-e-cheffe-section-des-affaires-financieres-retraites-vie-en-poste_paris
yes,15,DTNUM 75 SDAS BCS - Responsable technique de la gestion du cycle de vie des certificats H/F (SIC),Ministère de l'Intérieur,303000,"Paris, France",VIE,,WTTJ,2026-09-21,https://www.welcometothejungle.com/fr/companies/maquette-ministere-de-l-interieur/jobs/dtnum-75-sdas-bcs-responsable-technique-de-la-gestion-du-cycle-de-vie-des-certificats-h-f-sic_paris
yes,15,Gestionnaire d'assurance - vie du contrat,PRÉVOIR,1200,"Paris, France",VIE,,WTTJ,2026-09-18,https://www.welcometothejungle.com/fr/companies/prevoir/jobs/gestionnaire-d-assurance-vie-du-contrat_paris_PRVOI_7oj1eNl
yes,15,Chargé(e) d'études produits - Assurance Vie H/F,Crédit Agricole,160000,"Paris, France",VIE,,WTTJ,2026-09-17,https://www.welcometothejungle.com/fr/companies/groupe-credit-agricole/jobs/charge-d-etudes-produits-assurance-vie-h-f_paris
yes,15,Stage – Chargé(e) de Recrutement VIE (suivi d’une Alternance en RH possible) – H/F,Schneider Electric,160000,"Grenoble, France",VIE,,WTTJ,2026-09-17,https://www.welcometothejungle.com/fr/companies/schneider-electric/jobs/stage-charge-de-recrutement-vie-suivi-d-une-alternance-en-rh-possible-h-f_grenoble_SE_Dxqwr3m
yes,15,Chargé National de qualité de vie et condition de travail F/H,Etablissement français du sang,9666,"La Plaine Saint-Denis, France",VIE,,WTTJ,2026-09-16,https://www.welcometothejungle.com/fr/companies/etablissement-francais-du-sang-1/jobs/charge-national-de-qualite-de-vie-et-condition-de-travail-f-h_la-plaine-saint-denis_EFDS_YoJNPDP
yes,15,RESPONSABLE DE REGION OUEST COURTAGE VIE,Generali France,9300,"Saint-Denis, France",VIE,,WTTJ,2026-09-15,https://www.welcometothejungle.com/fr/companies/generali-fr/jobs/responsable-de-region-ouest-courtage-vie_saint-denis
yes,15,Animateur H/F Aide à la vie partagée,UDAF de la Moselle,295,"Hombourg-Haut, France",VIE,,WTTJ,2026-09-14,https://www.welcometothejungle.com/fr/companies/udaf-de-la-moselle/jobs/animateur-h-f-aide-a-la-vie-partagee_forbach
yes,15,Auxiliaire de vie sociale - F/H,Groupe VYV,49000,"Brive-La-Gaillarde, France",VIE,,WTTJ,2026-09-11,https://www.welcometothejungle.com/fr/companies/groupe-vyv-1/jobs/auxiliaire-de-vie-sociale-f-h_brive-la-gaillarde
yes,15,Auxiliaire de vie F/H,Groupe VYV,49000,"Mignaloux-Beauvoir, France",VIE,,WTTJ,2026-09-11,https://www.welcometothejungle.com/fr/companies/groupe-vyv-1/jobs/auxiliaire-de-vie-f-h_mignaloux-beauvoir_GV_D1gVa7m
yes,15,VIE - Spécialiste Qualité & Développement H/F,EssilorLuxottica France,190000,"Tuam, Ireland",VIE,,WTTJ,2026-09-09,https://www.welcometothejungle.com/fr/companies/essilor/jobs/vie-specialiste-qualite-developpement-h-f_tuam_EF_r3mlZV1
yes,15,VIE - Intellectual property legal counsel for Americas Based in New-York (H/F),Hermès,26494,"New York, United States",VIE,,WTTJ,2026-09-09,https://www.welcometothejungle.com/fr/companies/hermes/jobs/vie-intellectual-property-legal-counsel-for-americas-based-in-new-york-h-f_new-york
yes,15,Consultant(e) Analytics/Tracking – VIE Madrid,Eskimoz,250,"Boulogne-Billancourt, France",VIE,,WTTJ,2026-09-08,https://www.welcometothejungle.com/fr/companies/eskimoz/jobs/web-analyst-confirme-tracking-h-f-vie_madrid
yes,15,Actuaire reporting S2 Vie (F/H) - CDI,Abeille Assurances (Aéma Groupe),3900,"Bois-Colombes, France",VIE,,WTTJ,2026-09-05,https://www.welcometothejungle.com/fr/companies/abeille-assurances-aema-groupe/jobs/actuaire-reporting-s2-vie_bois-colombes
yes,15,VIE Supplier Performance Analyst F/H,Safran Aircraft Engines,17400,"Irvine, United States",VIE,,WTTJ,2026-09-05,https://www.welcometothejungle.com/fr/companies/safran-aircraft-engines/jobs/vie-supplier-performance-analyst-f-h_irvine
yes,15,Technicien service client vie du compte Particuliers et Professionnels H/F,Crédit Agricole,160000,"Roubaix, France",VIE,,WTTJ,2026-09-04,https://www.welcometothejungle.com/fr/companies/groupe-credit-agricole/jobs/technicien-service-client-vie-du-compte-particuliers-et-professionnels-roubaix-h-f_roubaix
yes,15,VIE - Secrétaire Général - Juridique et Conformité (H/ F),Société Générale Assurances,3000,"Milan, Italy",VIE,,WTTJ,2026-09-02,https://www.welcometothejungle.com/fr/companies/societe-generale-assurances/jobs/vie-secretaire-general-juridique-et-conformite-h-f_milan
yes,15,VIE - Secrétaire Général - Juridique et Conformité (H/ F),Société Générale,110000,"Milan, Italy",VIE,,WTTJ,2026-09-01,https://www.welcometothejungle.com/fr/companies/societe-generale/jobs/vie-secretaire-general-juridique-et-conformite-h-f_milan
yes,15,Gestionnaire Back Office en assurances vie H/F,Crédit Agricole,160000,"Vaison-La-Romaine, France",VIE,,WTTJ,2026-08-31,https://www.welcometothejungle.com/fr/companies/groupe-credit-agricole/jobs/gestionnaire-back-office-en-assurances-vie-h-f_vaison-la-romaine_GCA_jAJ5Q7N
yes,15,Consultant(e) Paid Media (SEA/SMA) - VIE Madrid,Eskimoz,250,"Boulogne-Billancourt, France",VIE,,WTTJ,2026-08-31,https://www.welcometothejungle.com/fr/companies/eskimoz/jobs/consultant-sea-h-f-vie-madrid_madrid
yes,15,Lean & CI Officer - VIE Brussels F/H,Safran Aircraft Engines,17400,"Evry, France",VIE,,WTTJ,2026-08-29,https://www.welcometothejungle.com/fr/companies/safran-aircraft-engines/jobs/lean-ci-officer-vie-brussels-f-h_evry
yes,15,Responsable d'équipe (F/H) - Outils de la vie mutualiste - Montpellier,Crédit Mutuel Alliance Fédérale,80200,"Montpellier, France",VIE,,WTTJ,2026-08-27,https://www.welcometothejungle.com/fr/companies/credit-mutuel-alliance-federale/jobs/responsable-d-equipe-f-h-outils-de-la-vie-mutualiste-montpellier_montpellier
yes,15,Index Structurer (VIE),Euronext,2436,"London, United Kingdom",VIE,,WTTJ,2026-08-24,https://www.welcometothejungle.com/fr/companies/euronext/jobs/index-structurer-vie_london_EURON_8Oa6plK
yes,15,Auxiliaire de vie sociale H/F,Groupe VYV,49000,"Lorient, France",VIE,,WTTJ,2026-08-22,https://www.welcometothejungle.com/fr/companies/groupe-vyv-1/jobs/auxiliaire-de-vie-sociale-h-f_lorient_GV_A35edOq
yes,15,Business Analyste technique – Assurance non vie (F/H),BPCE Solutions informatiques,2500,"Paris, France",VIE,,WTTJ,2026-08-22,https://www.welcometothejungle.com/fr/companies/bpce-solutions-informatiques/jobs/business-analyste-technique-assurance-non-vie-f-h
yes,15,Forward Deployed Engineer - AI & Data Analyst (VIE - New York),Numberly,500,"New York City, United States",VIE,,WTTJ,2026-08-17,https://www.welcometothejungle.com/fr/companies/1000mercis-group/jobs/forward-deployed-engineer-ai-data-analyst-vie-new-york_new-york-city
yes,15,Stage - Analyste stratégie et marchés - F/H,Schneider Electric,160000,"Eybens, France",Internship,,WTTJ,2026-10-03,https://www.welcometothejungle.com/fr/companies/schneider-electric/jobs/stage-analyste-strategie-et-marches-f-h_eybens
yes,15,STAGE Stratégie– Analyste en charge de projets stratégiques H/F,Crédit Agricole,160000,"Montrouge, France",Internship,,WTTJ,2026-10-02,https://www.welcometothejungle.com/fr/companies/groupe-credit-agricole/jobs/stage-strategie-analyste-en-charge-de-projets-strategiques-h-f_montrouge_CA_LxJAeAL
yes,15,Stage – Stratégie DevSecOps – F/H,Schneider Electric,160000,"Grenoble, France",Internship,,WTTJ,2026-10-01,https://www.welcometothejungle.com/fr/companies/schneider-electric/jobs/stage-strategie-devsecops-f-h_grenoble
yes,15,Stage - Stratégie de test logiciel via intelligence artificielle - F/H,Schneider Electric,160000,"Grenoble, France",Internship,,WTTJ,2026-10-01,https://www.welcometothejungle.com/fr/companies/schneider-electric/jobs/stage-strategie-de-test-logiciel-via-intelligence-artificielle-f-h_grenoble
yes,15,STAGE - Manager Stratégie - F/H,Thales,80000,"Vélizy-Villacoublay, France",Internship,,WTTJ,2026-09-30,https://www.welcometothejungle.com/fr/companies/thales/jobs/stage-manager-strategie-f-h_velizy-villacoublay_THALE_7lJ5Vrd
yes,15,Chargé de missions Stratégie - Stage F/H,Franprix,8000,"Courbevoie, France",Internship,,WTTJ,2026-09-25,https://www.welcometothejungle.com/fr/companies/franprix/jobs/charge-de-missions-strategie-stage-f-h_courbevoie
yes,15,Stage - Assistant Stratégie & Business Performance H/F,Diptyque paris,1500,"Paris, France",Internship,,WTTJ,2026-09-21,https://www.welcometothejungle.com/fr/companies/diptyque/jobs/stage-assistant-strategie-business-performance-h-f_paris
yes,15,Stage Communication – Stratégie & création de contenus (Adopt AI),Artefact,2500,"Paris, France",Internship,,WTTJ,2026-09-06,https://www.welcometothejungle.com/fr/companies/artefact/jobs/stage-communication-strategie-creation-de-contenus-adopt-ai_paris
yes,15,Chargé de missions stratégie commerciale - Stage F/H,Franprix,8000,"Courbevoie, France",Internship,,WTTJ,2026-09-26,https://www.welcometothejungle.com/fr/companies/franprix/jobs/charge-de-missions-strategie-commerciale-stage-f-h_courbevoie
yes,15,THE SALMON CONSULTING - STAGE - CONSULTANT EN STRATEGIE & PROSPECTIVE (F/H),Havas France,3500,"Puteaux, France",Internship,,WTTJ,2026-09-05,https://www.welcometothejungle.com/fr/companies/havas-sa/jobs/the-salmon-consulting-stage-consultant-en-strategie-prospective-f-h_puteaux
yes,15,Stage :  Analyste Investissement Multi-stratégie Private Equity,Ofi Invest,,"Paris, France",Internship,,WTTJ,2026-09-08,https://www.welcometothejungle.com/fr/companies/ofi-invest/jobs/stage-analyste-investissement-multi-strategie-private-equity_paris
yes,15,STAGE - Assistant Chef de Projets Stratégie de Contenus E-Commerce (H/F),Hermès,26494,"Paris, France",Internship,,WTTJ,2026-09-23,https://www.welcometothejungle.com/fr/companies/hermes/jobs/stage-assistant-chef-de-projets-strategie-de-contenus-e-commerce-h-f_paris_HERMS_GewJk55
yes,15,Stage – Assistant(e) Analyste en Stratégie,Rexel France,5500,"Paris, France",Internship,,WTTJ,2026-09-22,https://www.welcometothejungle.com/fr/companies/rexel-france/jobs/stage-assistant-analyste-en-strategie_paris
yes,15,Corporate Development (Stratégie - M&A) Stage - Mars 2027  | Paris (H/F),Ardian,1080,"Paris, France",Internship,,WTTJ,2026-09-03,https://www.welcometothejungle.com/fr/companies/ardian/jobs/corporate-development-stage-mars-2027-paris-h-f_paris
yes,15,Stage Consultant juridique en restructuration et stratégie sociale - F/H,Alixio Group,800,"Paris, France",Internship,,WTTJ,2026-10-01,https://www.welcometothejungle.com/fr/companies/groupe-alixio/jobs/consultant-restructuration-et-strategie-sociale-f-h_paris_AG_eoMV9yQ
yes,15,STAGE - Assistant(e) Catégorie Management et Stratégie Commerciale H/F Janvier 2027,PepsiCo France,600,"Colombes, France",Internship,,WTTJ,2026-08-31,https://www.welcometothejungle.com/fr/companies/pepsico/jobs/stage-assistant-categorie-management-et-strategie-commerciale-h-f-janvier-2027_colombes
yes,15,"PFE - Stratégie, marketing et Développement F/H",VINCI Construction,117000,"Saint-Contest, France",Internship,,WTTJ,2026-10-03,https://www.welcometothejungle.com/fr/companies/vinci-construction-fr/jobs/pfe-strategie-marketing-et-developpement-f-h_saint-contest
yes,15,Analyste à la Direction de la Stratégie et des Fusions-Acquisitions (H/F) - STAGE,Allianz France,7500,"Puteaux, France",Full Time,,WTTJ,2026-10-01,https://www.welcometothejungle.com/fr/companies/allianz/jobs/analyste-a-la-direction-de-la-strategie-et-des-fusions-acquisitions-h-f-stage_puteaux_AF_9MxwJa1
yes,15,"Stagiaire Conseil – Finance, stratégie, organisation – Janvier 2027 H/F",PKF Arsilon,1000,"Paris, France",Internship,,WTTJ,2026-09-23,https://www.welcometothejungle.com/fr/companies/pkf-arsilon/jobs/stagiaire-conseil-finance-strategie-organisation-janvier-2027-h-f_paris
yes,15,Stagiaire école (F/H) - Stratégie et Développement Epargne Financière,Crédit Mutuel Alliance Fédérale,80200,"Paris, France",Internship,,WTTJ,2026-09-17,https://www.welcometothejungle.com/fr/companies/credit-mutuel-alliance-federale/jobs/stagiaire-ecole-f-h-strategie-et-developpement-epargne-financiere_paris_CMAF_j5jl5ja
yes,15,Stagiaire école (F/H) - Stratégie et Développement Epargne Financière - Project Management,Crédit Mutuel Alliance Fédérale,80200,"Paris, France",Internship,,WTTJ,2026-09-17,https://www.welcometothejungle.com/fr/companies/credit-mutuel-alliance-federale/jobs/stagiaire-ecole-f-h-strategie-et-developpement-epargne-financiere-project-management_paris
yes,15,Stagiaire Consultant en Stratégie  Quantitative F/H,BDO France,2400,"Paris, France",Internship,,WTTJ,2026-09-15,https://www.welcometothejungle.com/fr/companies/bdo-france-corporate-finance/jobs/stagiaire-consultant-en-strategie-quantitative-f-h_paris
yes,15,Chargé de mission administrative et financière - Stage F/H,Franprix,8000,"Courbevoie, France",Internship,,WTTJ,2026-10-06,https://www.welcometothejungle.com/fr/companies/franprix/jobs/charge-de-mission-administrative-et-financiere-stage-f-h_courbevoie
yes,15,Stage 6 mois - Chef de Projet Marketing Local (F/H),Castorama France,11000,"Templemars, France",Internship,,WTTJ,2026-08-06,https://www.welcometothejungle.com/fr/companies/castorama-1/jobs/stage-6-mois-chef-de-projet-marketing-local-f-h_templemars
yes,15,STAGE - Analyste Stratégique Marché Automobile (H/F),Volkswagen Group France,744,"Roissy-En-France, France",Internship,,WTTJ,2026-10-02,https://www.welcometothejungle.com/fr/companies/volkswagen-group-france-fr/jobs/stage-analyste-strategique-marche-automobile-h-f_roissy-en-france_VGF_4ADaPq0
yes,15,Stage - Sales (Business Developer - Commercial -  Ventes),Scal-IA,,"Paris, France",Internship,,WTTJ,2026-10-06,https://www.welcometothejungle.com/fr/companies/scal-ia/jobs/stage-sales-business-developer-commercial-ventes_paris_SCALI_kRgayLw
yes,15,Stage - Business Developer Marketplace ( GammVert.fr) F/H,TERACT,5400,"Montrouge, France",Internship,,WTTJ,2026-09-30,https://www.welcometothejungle.com/fr/companies/teract/jobs/stage-business-developer-marketplace-gammvert-fr-f-h_montrouge_TERAC_GKojXX5
yes,15,Stage - Business Developer Marketplace (Jardiland.com) F/H,TERACT,5400,"Montrouge, France",Internship,,WTTJ,2026-09-30,https://www.welcometothejungle.com/fr/companies/teract/jobs/stage-business-developer-marketplace-jardiland-com-f-h_montrouge
yes,15,Stage - Business Developer Hôtels – 6 mois Master 2 (H/F),Voyage Privé,450,"Aix-En-Provence, France",Internship,,WTTJ,2026-09-16,https://www.welcometothejungle.com/fr/companies/voyage-prive/jobs/stage-business-developer-hotels-6-mois_aix-en-provence
yes,15,STAGE - Assistant Business Developer Stars Unit H/F,EssilorLuxottica France,190000,"Paris, France",Internship,,WTTJ,2026-09-09,https://www.welcometothejungle.com/fr/companies/essilor/jobs/stage-assistant-business-developer-stars-unit-h-f_paris_EF_WPeKQ9W
yes,15,Stage - Business Developer (French Speaker),LegalPlace,200,"Barcelone, Spain",Internship,,WTTJ,2026-08-09,https://www.welcometothejungle.com/fr/companies/legalplace/jobs/stage-onboarding-specialist_barcelone
yes,15,Business Developer - stage,Ornikar,250,"Paris, France",Internship,,WTTJ,2026-10-04,https://www.welcometothejungle.com/fr/companies/ornikar/jobs/business-developer-stage_paris_ORNIK_g18odzw
yes,15,Business Developer - Stage - 6 mois,France Secourisme,,"Paris, France",Internship,,WTTJ,2026-09-30,https://www.welcometothejungle.com/fr/companies/france-secourisme/jobs/business-developer-stage-6-mois_paris
yes,15,Business Developer Alternant/Stage H/F - Paris,Webnet,200,"Sèvres, France",Apprenticeship,,WTTJ,2026-10-06,https://www.welcometothejungle.com/fr/companies/webnet/jobs/business-developer-alternant-stage-h-f-paris_sevres_WEBNE_OoPyJVY
yes,15,Business Developer/SDR - Stage fin étude (pré-embauche CDI) (M/F),Revolt.eco,,"Paris, France",Internship,,WTTJ,2026-10-02,https://www.welcometothejungle.com/fr/companies/revolt-eco/jobs/business-developer-alternance_paris
yes,15,Business Developer France - Stage (F/H/X),Adagio Aparthotel,1200,"Paris, France",Internship,,WTTJ,2026-09-28,https://www.welcometothejungle.com/fr/companies/aparthotels-adagio/jobs/business-developer-france-stage-f-h-x_paris_AA_1O4jX1x
yes,15,Business developer BtoB - Stage,Morning,370,"Paris, France",Internship,,WTTJ,2026-09-23,https://www.welcometothejungle.com/fr/companies/morning-coworking/jobs/account-manager-centrale_paris
yes,15,Business Developer IT - stage (H/F),Meritis,1000,"Paris, France",Internship,,WTTJ,2026-09-10,https://www.welcometothejungle.com/fr/companies/meritis/jobs/business-developer-grands-comptes-stage-h-f_paris_MERIT_0gJLrJy
yes,15,Business Developer GMS - Stage (H/F/X),Ferrero,1400,"Rouen, France",Internship,,WTTJ,2026-09-07,https://www.welcometothejungle.com/fr/companies/ferrero/jobs/business-developer-gms-stage-h-f-x_rouen
yes,15,Business Developer H/F - Stage / Alternance,Converteo,450,"Paris, France",Internship,,WTTJ,2026-09-30,https://www.welcometothejungle.com/fr/companies/converteo/jobs/business-developer-h-f-stage-alternance_paris_CONVE_OyKa3zq
yes,15,Business Developer & Tech Recruiter - Stage Paris - Theodo,Theodo,200,"Paris, France",Internship,,WTTJ,2026-09-29,https://www.welcometothejungle.com/fr/companies/theodo/jobs/business-developer-tech-recruiter-stage-paris-theodo_paris
yes,15,Business Developer - @Achille AI - #Stage,Achille.ai,,"Paris, France",Internship,,WTTJ,2026-09-30,https://www.welcometothejungle.com/fr/companies/achille-ai-1/jobs/business-developer-achille-ai-stage_paris_ACHIL_kWLxVo
yes,15,Business developer SEO / Netlinking (H/F),Hello Watt,250,"Paris, France",Internship,,WTTJ,2026-10-05,https://www.welcometothejungle.com/fr/companies/hello-watt/jobs/business-developer-seo-h-f-stage_paris
yes,15,Business Developer New Projects Trust/ EDL - Intern,Papernest,950,"Barcelona, Spain",Internship,,WTTJ,2026-10-03,https://www.welcometothejungle.com/fr/companies/souscritoo/jobs/business-developer-new-projects-trust-edl-intern_barcelona
yes,15,Stage Chef de projet relations presse & médias F/H,Bouygues Telecom,10700,"Meudon, France",Internship,,WTTJ,2026-10-06,https://www.welcometothejungle.com/fr/companies/bouygues-telecom/jobs/stage-chef-de-projet-relations-presse-medias-f-h_meudon
yes,15,Stage - Assistant chef de projet éolien - H/F,Valeco,330,"Amiens, France",Internship,,WTTJ,2026-10-06,https://www.welcometothejungle.com/fr/companies/valeco/jobs/stage-assistant-chef-de-projet-eolien-h-f_amiens_VALEC_qYm7DJ1
yes,15,Stage - Chef de Projet Satisfaction Clients H/F,Groupe BPCE,103000,"Strasbourg, France",Internship,,WTTJ,2026-10-06,https://www.welcometothejungle.com/fr/companies/groupe-bpce/jobs/stage-chef-de-projet-satisfaction-clients-h-f_strasbourg_GB_R4dLMzz
yes,15,STAGE - Assistant Chef de Projet Le Monde D'Hermès (H/F),Hermès,26494,"Paris, France",Internship,,WTTJ,2026-10-03,https://www.welcometothejungle.com/fr/companies/hermes/jobs/stage-assistant-chef-de-projet-le-monde-d-hermes-h-f_paris_HERMS_oMPj50K
yes,15,Stage – Chef de projet Marketing Adoption Intelligence Artificielle - F/H,Schneider Electric,160000,"Rueil-Malmaison, France",Internship,,WTTJ,2026-10-03,https://www.welcometothejungle.com/fr/companies/schneider-electric/jobs/stage-chef-de-projet-marketing-adoption-intelligence-artificielle-f-h_rueil-malmaison_SE_J3OXerG
yes,15,Stage - Chef de projet H/F,Crédit Agricole,160000,"Montrouge, France",Internship,,WTTJ,2026-10-02,https://www.welcometothejungle.com/fr/companies/groupe-credit-agricole/jobs/stage-chef-de-projet-h-f_montrouge
yes,15,STAGE - Assistant Chef de Projet Expérience Client (H/F),Hermès,26494,"Pantin, France",Internship,,WTTJ,2026-10-02,https://www.welcometothejungle.com/fr/companies/hermes/jobs/stage-assistant-chef-de-projet-experience-client-h-f_pantin_HERMS_62jke7J
yes,15,STAGE - Assistant Chef de Projet Réseaux Sociaux (H/F),Hermès,26494,"Paris, France",Internship,,WTTJ,2026-10-02,https://www.welcometothejungle.com/fr/companies/hermes/jobs/stage-assistant-chef-de-projet-reseaux-sociaux-h-f_paris_HERMS_r3grVgG
yes,15,STAGE - Assistant Chef de Projet Logistique (H/F),Hermès,26494,"Bobigny, France",Internship,,WTTJ,2026-10-02,https://www.welcometothejungle.com/fr/companies/hermes/jobs/stage-assistant-chef-de-projet-logistique-h-f_bobigny_HERMS_Opd2ORP
yes,15,STAGE - Assistant Chef de Projet Identité Métier Internet des Objets (IDO) (H/F),Hermès,26494,"Pantin, France",Internship,,WTTJ,2026-10-02,https://www.welcometothejungle.com/fr/companies/hermes/jobs/stage-assistant-chef-de-projet-identite-metier-internet-des-objets-ido-h-f_pantin
yes,15,Stage - Chef de projet,Morning,370,"Paris, France",Internship,,WTTJ,2026-09-30,https://www.welcometothejungle.com/fr/companies/morning-coworking/jobs/chef-de-projet-grands-comptes-stage_paris
yes,15,STAGE - Assistant Chef de Projet Technique Transverse (H/F),Hermès,26494,"Fontenay-Sous-Bois, France",Internship,,WTTJ,2026-09-30,https://www.welcometothejungle.com/fr/companies/hermes/jobs/stage-assistant-chef-de-projet-technique-transverse-h-f_fontenay-sous-bois
yes,15,STAGE - Assistant Chef de Projet Expérience Client Bijouterie (H/F),Hermès,26494,"Pantin, France",Internship,,WTTJ,2026-09-29,https://www.welcometothejungle.com/fr/companies/hermes/jobs/stage-assistant-chef-de-projet-experience-client-bijouterie-h-f_pantin_HERMS_JZamoaV
yes,15,Stage - Assistant.e Chef de projet Communication/Social Média F/H - Melvita,L’Occitane,9000,"Paris, France",Internship,,WTTJ,2026-09-28,https://www.welcometothejungle.com/fr/companies/maquette-l-occitane/jobs/stage-assistant-e-chef-de-projet-communication-social-media-f-h-melvita_paris_LOCCI_OX888aM
yes,15,"STAGE - Chef de Projet Communication Digitale, Contenus E-Commerce (H/F) Hermès Parfum Beauté",Hermès,26494,"Paris, France",Internship,,WTTJ,2026-09-25,https://www.welcometothejungle.com/fr/companies/hermes/jobs/stage-chef-de-projet-communication-digitale-contenus-e-commerce-h-f-hermes-parfum-beaute_paris_HERMS_oxkWQGD
yes,15,STAGE - Assistant Chef de Projet Communication Publicité-Image H/F - Hermès Parfum Beauté,Hermès,26494,"Paris, France",Internship,,WTTJ,2026-09-25,https://www.welcometothejungle.com/fr/companies/hermes/jobs/stage-assistant-chef-de-projet-communication-publicite-image-h-f-hermes-parfum-beaute_paris_HERMS_AMb7yNq
yes,15,STAGE - Assistant Chef de Projet SI (H/F),Hermès,26494,"Pantin, France",Internship,,WTTJ,2026-09-25,https://www.welcometothejungle.com/fr/companies/hermes/jobs/stage-assistant-chef-de-projet-si-h-f_pantin_HERMS_Qd5WdD2
yes,15,Stage Assistant Chef de projet Marketing H/F - 6 Mois à partir de janvier,Histoire d'Or,2400,"Paris, France",Internship,,WTTJ,2026-09-25,https://www.welcometothejungle.com/fr/companies/thom-europe/jobs/stage-assistant-chef-de-projet-marketing-h-f-6-mois-a-partir-de-janvier_paris
yes,15,Stage assistant chef de projet GEO/SEO F/H,Bouygues Telecom,10700,"Boulogne Billancourt, France",Internship,,WTTJ,2026-09-24,https://www.welcometothejungle.com/fr/companies/bouygues-telecom/jobs/stage-assistant-chef-de-projet-geo-seo-f-h_boulogne-billancourt
yes,15,Stage - Chef de projet publicité et paid media - H/F,Schneider Electric,160000,"Rueil-Malmaison, France",Internship,,WTTJ,2026-09-24,https://www.welcometothejungle.com/fr/companies/schneider-electric/jobs/stage-chef-de-projet-publicite-et-paid-media-h-f_rueil-malmaison_SE_568jAjD
yes,15,Stage - Chef de Projet IT - Direction des systèmes d'information H/F,Amf,520,"Paris, France",Internship,,WTTJ,2026-09-23,https://www.welcometothejungle.com/fr/companies/amf/jobs/stage-chef-de-projet-it-direction-des-systemes-d-information-h-f_paris
yes,15,Stage - Assistant Chef de Projet H/F,Kaufman & Broad,800,"Toulouse, France",Internship,,WTTJ,2026-09-22,https://www.welcometothejungle.com/fr/companies/kaufman-and-broad/jobs/stage-assistant-chef-de-projet-h-f_toulouse
yes,15,Stage Assistant Chef de projet publishing (F/H),ARTE France,356,"Issy-Les-Moulineaux, France",Internship,,WTTJ,2026-09-21,https://www.welcometothejungle.com/fr/companies/arte/jobs/stage-assistant-chef-de-projet-publishing-f-h_issy-les-moulineaux
yes,15,STAGE - Assistant Chef de Projet Marketing Opérationnel et Communication - Puiforcat (H/F),Hermès,26494,"Paris, France",Internship,,WTTJ,2026-09-19,https://www.welcometothejungle.com/fr/companies/hermes/jobs/stage-assistant-chef-de-projet-marketing-operationnel-et-communication-puiforcat-h-f_paris
yes,15,Stage Chef de projet marketing acquisition B2C F/H,Nespresso,1300,"Fr-Nespresso Siège Shift Paris, France",Internship,,WTTJ,2026-09-18,https://www.welcometothejungle.com/fr/companies/nespresso/jobs/stage-chef-de-projet-marketing-acquisition-b2c-f-h_fr-nespresso-siege-shift-paris
yes,15,Stage - Chef de Projet E-Commerce H/F - Melvita,L’Occitane,9000,"Paris, France",Internship,,WTTJ,2026-09-17,https://www.welcometothejungle.com/fr/companies/maquette-l-occitane/jobs/stage-chef-de-projet-e-commerce-h-f-melvita_paris_LOCCI_1ZlzR0M
yes,15,Stage - Assistant Chef de projet CRM & Activation Client H/F,Diptyque paris,1500,"Paris, France",Internship,,WTTJ,2026-09-17,https://www.welcometothejungle.com/fr/companies/diptyque/jobs/stage-assistant-chef-de-projet-crm-customer-activation-h-f_paris
yes,15,Stage - Assistant.e Chef de Projet CRM & Acquisition Melvita,L’Occitane,9000,"Paris, France",Internship,,WTTJ,2026-09-17,https://www.welcometothejungle.com/fr/companies/maquette-l-occitane/jobs/stage-assistant-e-chef-de-projet-crm-acquisition-melvita_paris
yes,15,STAGE - CHEF DE PROJET SUPPLY F/H,Cdiscount,2000,"Cestas (33), France",Internship,,WTTJ,2026-09-15,https://www.welcometothejungle.com/fr/companies/cdiscount/jobs/stage-chef-de-projet-supply-f-h_cestas-33_CDISC_VJo7249
yes,15,Stage - assistant chef de projet marketing (H/F),Coface,5236,"Bois-Colombes, France",Internship,,WTTJ,2026-09-15,https://www.welcometothejungle.com/fr/companies/coface/jobs/stage-assistant-chef-de-projet-marketing-h-f_bois-colombes
yes,15,Stage - Assistant Chef de projet CRM Fidélité H/F,Diptyque paris,1500,"Paris, France",Internship,,WTTJ,2026-09-14,https://www.welcometothejungle.com/fr/companies/diptyque/jobs/stage-assistant-chef-de-projet-crm-fidelite-h-f_paris_DP_MPlgLKV
yes,15,Stage - Assistant.e Chef de Projet Communication Internationale,Groupe Clarins,8000,"Paris, France",Internship,,WTTJ,2026-09-14,https://www.welcometothejungle.com/fr/companies/clarins-1/jobs/stage-assistant-e-chef-de-projet-communication-internationale_paris
yes,15,STAGE - Assistant Chef de Projet Communication Institutionnelle (H/F),Hermès,26494,"Paris, France",Internship,,WTTJ,2026-09-14,https://www.welcometothejungle.com/fr/companies/hermes/jobs/stage-assistant-chef-de-projet-communication-institutionnelle-h-f_paris_HERMS_eMj6yLQ
yes,15,STAGE - Assistant Chef de Projet Communication Produit (H/F),Hermès,26494,"Paris, France",Internship,,WTTJ,2026-09-14,https://www.welcometothejungle.com/fr/companies/hermes/jobs/stage-assistant-chef-de-projet-communication-produit-h-f_paris_HERMS_Q0XdRZj
yes,15,STAGE - Chef de Projet Data Logistique (H/F),Hermès,26494,"Bobigny, France",Internship,,WTTJ,2026-09-11,https://www.welcometothejungle.com/fr/companies/hermes/jobs/stage-chef-de-projet-data-logistique-h-f_bobigny
yes,15,Stage Chef de projet ecommerce B2B F/H,Nespresso,1300,"Fr-Nespresso Siège Shift Paris, France",Internship,,WTTJ,2026-09-09,https://www.welcometothejungle.com/fr/companies/nespresso/jobs/stage-chef-de-projet-ecommerce-b2b-f-h_fr-nespresso-siege-shift-paris
yes,15,Stage Chef de Projet Brand Experience - Janvier 2027,Pernod Ricard,18200,"Paris, France",Internship,,WTTJ,2026-09-09,https://www.welcometothejungle.com/fr/companies/pernod-ricard/jobs/stage-chef-de-projet-brand-experience-janvier-2027_paris
yes,15,STAGE - Assistant Chef de projet Data Développement Durable et Conformité Produit (H/F),Hermès,26494,"Pantin, France",Internship,,WTTJ,2026-09-08,https://www.welcometothejungle.com/fr/companies/hermes/jobs/stage-assistant-chef-de-projet-data-developpement-durable-et-conformite-produit-h-f_pantin_HERMS_M6eY95g
yes,15,STAGE - Assistant Chef de Projet Evènementiel H/F - EBRA Events,Groupe EBRA,3200,"Veurey-Voroize, France",Internship,,WTTJ,2026-09-03,https://www.welcometothejungle.com/fr/companies/ebra/jobs/stage-assistant-chef-de-projet-evenementiel-h-f-ebra-events_veurey-voroize
yes,15,Stage Chef de projet Développement Décor,BIOLOGIQUE RECHERCHE,430,"Suresnes, France",Internship,,WTTJ,2026-09-02,https://www.welcometothejungle.com/fr/companies/biologique-recherche-fr/jobs/stage-chef-de-projet-developpement-decor_suresnes
yes,15,STAGE - Assistant Chef de Projet Événementiel & Communication H/F,Heroiks,400,"Levallois-Perret, France",Internship,,WTTJ,2026-09-02,https://www.welcometothejungle.com/fr/companies/heroiks/jobs/stage-assistant-chef-de-projet-evenementiel-communication-h-f_levallois-perret_HEROI_xRYWraJ
yes,15,Stage - Assistant.e Chef de Projet Evénementiel Luxe - HOPSCOTCH LUXE H/F,Hopscotch Groupe,1200,"Paris, France",Internship,,WTTJ,2026-08-29,https://www.welcometothejungle.com/fr/companies/hopscotch/jobs/stage-assistant-e-chef-de-projet-evenementiel-luxe-hopscotch-luxe-h-f_paris_HG_dARXlWx
yes,15,Stage - Assistant.e Chef de Projet événementiel - SAGARMATHA PARIS H/F,Hopscotch Groupe,1200,"Paris, France",Internship,,WTTJ,2026-08-28,https://www.welcometothejungle.com/fr/companies/hopscotch/jobs/stage-assistant-e-chef-de-projet-sagarmatha-paris-h-f_paris
yes,15,STAGE ASSISTANT CHEF DE PROJET IT H/F,MACSF,1722,"Puteaux, France",Internship,,WTTJ,2026-08-25,https://www.welcometothejungle.com/fr/companies/macsf/jobs/stage-assistant-chef-de-projet-it-h-f_puteaux
yes,15,Stage | Assistant(e) chef de projet Marketing RSE H/F,Groupe M6,1700,"Neuilly-Sur-Seine, France",Internship,,WTTJ,2026-10-06,https://www.welcometothejungle.com/fr/companies/m6-publicite/jobs/stage-assistant-chef-de-projet-marketing-rse-h-f_neuilly-sur-seine_GM_kNxqL7W
yes,15,STAGE - Assistant Ingénieur Chef de Projet Concepteur Produit (H/F),Hermès,26494,"Pantin, France",Internship,,WTTJ,2026-10-05,https://www.welcometothejungle.com/fr/companies/hermes/jobs/stage-assistant-ingenieur-chef-de-projet-concepteur-produit-h-f_pantin_HERMS_QWjYwdY
yes,15,STAGE - ASSISTANT PRODUCT MANAGER F/H,Cdiscount,2000,"Bordeaux (33), France",Internship,,WTTJ,2026-10-02,https://www.welcometothejungle.com/fr/companies/cdiscount/jobs/stage-assistant-product-manager-f-h_bordeaux-33_CDISC_8b3PA8g
yes,15,Stage - Assistant Product Manager Marketing (H/F),Coface,5236,"Bois-Colombes, France",Internship,,WTTJ,2026-09-16,https://www.welcometothejungle.com/fr/companies/coface/jobs/stage-assistant-product-manager-marketing-h-f_bois-colombes_COFAC_Y3Xr57W
yes,15,Stage - Product Manager - Devices (H/F),Withings,400,"Issy-Les-Moulineaux, France",Internship,,WTTJ,2026-08-22,https://www.welcometothejungle.com/fr/companies/withings/jobs/stage-product-manager-devices-h-f_issy-les-moulineaux
yes,15,Stage - Product Manager B2B (H/F),Withings,400,"Issy-Les-Moulineaux, France",Internship,,WTTJ,2026-08-22,https://www.welcometothejungle.com/fr/companies/withings/jobs/stage-product-manager-b2b-h-f_issy-les-moulineaux_WITHI_N2wo35L
yes,15,Product Manager Intern - Platform,Mirakl,750,"Paris, France",Internship,,WTTJ,2026-10-03,https://www.welcometothejungle.com/fr/companies/mirakl/jobs/product-manager-intern-platform_paris
yes,15,Product Manager Intern - Connect,Mirakl,750,"Paris, France",Internship,,WTTJ,2026-10-03,https://www.welcometothejungle.com/fr/companies/mirakl/jobs/product-manager-intern-connect_paris
yes,15,Product Manager Intern,Skello,415,"Paris, France",Internship,,WTTJ,2026-10-02,https://www.welcometothejungle.com/fr/companies/skello/jobs/product-manager-intern_paris
yes,15,"Product Manager Apprentice, Checkout",Back Market,700,"Paris, France",Internship,,WTTJ,2026-09-18,https://www.welcometothejungle.com/fr/companies/back-market/jobs/product-manager-apprentice-checkout_paris
yes,15,Stage - Assistant Chef de produit et Customer success manager (F/H),Agence France-Presse,2600,"Paris, France",Internship,,WTTJ,2026-08-18,https://www.welcometothejungle.com/fr/companies/agence-france-presse/jobs/stage-assistant-chef-de-produit-et-customer-success-manager-f-h_paris_AF_NY94dWl
yes,15,Product Management Trainee,Redion Holding,330,"Saint-Denis, France",Internship,,WTTJ,2026-10-05,https://www.welcometothejungle.com/fr/companies/europ-assistance-holding/jobs/product-management-trainee_saint-denis
yes,15,Assistant Chef de produit Glaces - Stage (H/F/X),Ferrero,1400,"Rouen, France",Internship,,WTTJ,2026-10-02,https://www.welcometothejungle.com/fr/companies/ferrero/jobs/assistant-chef-de-produit-glaces-stage-h-f-x_rouen_FERRE_1Ga910x
yes,15,Assistant Chef de Produit Tic Tac - Stage (H/F/X),Ferrero,1400,"Rouen, France",Internship,,WTTJ,2026-10-01,https://www.welcometothejungle.com/fr/companies/ferrero/jobs/assistant-chef-de-produit-tic-tac-stage-h-f-x_rouen_FERRE_yb488j9
yes,15,Assistant Chef de Produit Délichoc / Delacre - Stage (H/F/X),Ferrero,1400,"Rouen, France",Internship,,WTTJ,2026-10-01,https://www.welcometothejungle.com/fr/companies/ferrero/jobs/assistant-chef-de-produit-delichoc-delacre-stage-h-f-x_rouen_FERRE_WAb8YAA
yes,15,Assistant Chef de Produit Kinder Saison - Stage (H/F/X),Ferrero,1400,"Rouen, France",Internship,,WTTJ,2026-10-01,https://www.welcometothejungle.com/fr/companies/ferrero/jobs/assistant-chef-de-produit-kinder-saison-stage-h-f-x_rouen_FERRE_rDRg6Vd
yes,15,Assistant Chef de Produit Nutella Spread - Stage (H/F/X),Ferrero,1400,"Rouen, France",Internship,,WTTJ,2026-10-01,https://www.welcometothejungle.com/fr/companies/ferrero/jobs/assistant-chef-de-produit-nutella-spread-stage-h-f-x_rouen_FERRE_bRPNl30
yes,15,Assistant Chef de Produit Raffaello / Mon Chéri - Stage (H/F/X),Ferrero,1400,"Rouen, France",Internship,,WTTJ,2026-10-02,https://www.welcometothejungle.com/fr/companies/ferrero/jobs/assistant-chef-de-produit-raffaello-mon-cheri-stage-h-f-x_rouen_FERRE_Dk9RX20
yes,15,STAGE - Assistant(e) Chef de produit marketing H/F Janvier 2027,PepsiCo France,600,"Colombes, France",Internship,,WTTJ,2026-08-31,https://www.welcometothejungle.com/fr/companies/pepsico/jobs/stage-assistant-chef-de-produit-marketing-h-f-janvier-2027_colombes
yes,15,Assistant Chef de Produit Kinder Biscuits & Bakery - Stage (H/F/X),Ferrero,1400,"Rouen, France",Internship,,WTTJ,2026-10-02,https://www.welcometothejungle.com/fr/companies/ferrero/jobs/assistant-chef-de-produit-kinder-biscuits-bakery-stage-h-f-x_rouen_FERRE_39Nx1je
yes,15,Assistant Chef de Produit Biscuits & Bakery Nutella - Stage (H/F/X),Ferrero,1400,"Rouen, France",Internship,,WTTJ,2026-10-01,https://www.welcometothejungle.com/fr/companies/ferrero/jobs/assistant-chef-de-produit-biscuits-bakery-nutella-stage-h-f-x_rouen_FERRE_1Owqgr0
yes,15,Assistant.e Chef de Produit Kinder Surprise & Joy - Stage (H/F/X),Ferrero,1400,"Rouen, France",Internship,,WTTJ,2026-10-01,https://www.welcometothejungle.com/fr/companies/ferrero/jobs/assistant-e-chef-de-produit-kinder-surprise-joy-stage-h-f-x_rouen_FERRE_XgmZJl1
yes,15,Assistant Chef de Produit Kinder Bueno & Kinder Country - Stage (H/F/X),Ferrero,1400,"Rouen, France",Internship,,WTTJ,2026-10-01,https://www.welcometothejungle.com/fr/companies/ferrero/jobs/assistant-chef-de-produit-kinder-bueno-kinder-country-stage-h-f-x_rouen_FERRE_q86N21J
yes,15,"Assistant Chef de Produit Kinder Maxi, Chocolat & Frais - Stage (H/F/X)",Ferrero,1400,"Rouen, France",Internship,,WTTJ,2026-10-01,https://www.welcometothejungle.com/fr/companies/ferrero/jobs/assistant-chef-de-produit-kinder-maxi-chocolat-frais-stage-h-f-x_rouen_FERRE_Xx6QbD1
yes,15,Offre de stage – Analyste Transformation,Rexel France,5500,"Paris, France",Internship,,WTTJ,2026-09-29,https://www.welcometothejungle.com/fr/companies/rexel-france/jobs/offre-de-stage-analyste-transformation_paris
yes,15,Stage – Analyste transformation Digitale et Conduite du Changement– F/H,Schneider Electric,160000,"Rueil-Malmaison, France",Internship,,WTTJ,2026-09-23,https://www.welcometothejungle.com/fr/companies/schneider-electric/jobs/stage-analyste-transformation-digitale-et-conduite-du-changement-f-h_rueil-malmaison
yes,15,Stage Business Transformation H/F,Julhiet Sterwen,650,"Neuilly-Sur-Seine, France",Internship,,WTTJ,2026-08-21,https://www.welcometothejungle.com/fr/companies/julhiet-sterwen/jobs/manager-transformation-agile-h-f_neuilly-sur-seine_JS_N4gPmbW
yes,15,"Stage – Cash Performance, Transformation & Data – F/H",Schneider Electric,160000,"Rueil-Malmaison, France",Internship,,WTTJ,2026-09-26,https://www.welcometothejungle.com/fr/companies/schneider-electric/jobs/stage-cash-performance-transformation-data-f-h_rueil-malmaison
yes,15,STAGE - Intelligence artificielle et transformation industrielle - F/H,Thales,80000,"Vélizy-Villacoublay, France",Internship,,WTTJ,2026-10-03,https://www.welcometothejungle.com/fr/companies/thales/jobs/stage-intelligence-artificielle-et-transformation-industrielle-f-h_velizy-villacoublay
yes,15,Stage - Accompagnement de la Transformation IA H/F,Crédit Agricole,160000,"Montrouge, France",Internship,,WTTJ,2026-10-02,https://www.welcometothejungle.com/fr/companies/groupe-credit-agricole/jobs/stage-accompagnement-de-la-transformation-ia-h-f_montrouge
yes,15,STAGE - Project Support for Contract Management Transformation - H/F,Thales,80000,"Meudon, France",Internship,,WTTJ,2026-09-26,https://www.welcometothejungle.com/fr/companies/thales/jobs/stagiaire-contract-management-pmo_meudon
yes,15,Stagiaire - Chargé de projets dans la Direction Transformation Carrefour Market (F/H),Carrefour,100000,"Massy, France",Internship,,WTTJ,2026-10-06,https://www.welcometothejungle.com/fr/companies/carrefour/jobs/stagiaire-charge-de-projets-dans-la-direction-transformation-carrefour-market-f-h_massy
yes,15,Chargé(e) de Transformation H/F,Crédit Agricole CIB,10400,"Saint-Quentin-En-Yvelines, France",Internship,,WTTJ,2026-09-23,https://www.welcometothejungle.com/fr/companies/credit-agricole-cib/jobs/charge-de-transformation-h-f_saint-quentin-en-yvelines
yes,15,PFE INGENIEUR TRANSFORMATION INDUSTRIELLE IA F/H,VINCI Construction,117000,"Nanterre, France",Internship,,WTTJ,2026-09-09,https://www.welcometothejungle.com/fr/companies/vinci-construction-fr/jobs/pfe-ingenieur-transformation-industrielle-ia-f-h_nanterre
yes,15,PFE INGENIEUR TRANSFORMATION INDUSTRIELLE ET PERFORMANCE PRODUCTION F/H,VINCI Construction,117000,"Nanterre, France",Internship,,WTTJ,2026-09-09,https://www.welcometothejungle.com/fr/companies/vinci-construction-fr/jobs/pfe-ingenieur-transformation-industrielle-et-performance-production-f-h_nanterre
yes,15,Stage - Assistant(e) Chef de projet IA H/F,Crédit Agricole,160000,"Montrouge, France",Internship,,WTTJ,2026-10-02,https://www.welcometothejungle.com/fr/companies/groupe-credit-agricole/jobs/stage-assistant-chef-de-projet-ia-h-f_montrouge_CA_GZo045p
yes,15,Stage Supply Chain Customer Care - Janvier 2027 - 6 mois - Master 2 - Centrale Croissy Beaubourg,L'Oréal Groupe,90000,"Lognes, France",Full Time,,WTTJ,2026-10-05,https://www.welcometothejungle.com/fr/companies/maquette-l-oreal-beauty-tech/jobs/stage-supply-chain-customer-care-janvier-2027-6-mois-master-2-centrale-croissy-beaubourg_lognes
yes,15,"Stage Assistant Supply Chain, Approvisionnement & Logistique (F/H) - Villeneuve La Garenne",Schneider Electric,160000,"Villeneuve-La-Garenne, France",Internship,,WTTJ,2026-10-03,https://www.welcometothejungle.com/fr/companies/schneider-electric/jobs/stage-assistant-supply-chain-approvisionnement-logistique-f-h-villeneuve-la-garenne_villeneuve-la-garenne
yes,15,STAGE - Assistant Supply Chain (H/F),Hermès,26494,"Pantin, France",Internship,,WTTJ,2026-10-01,https://www.welcometothejungle.com/fr/companies/hermes/jobs/stage-assistant-supply-chain-h-f_pantin_HERMS_DrYDZKo
yes,15,Stage Supply Chain H/F,L’Occitane,9000,"Manosque, France",Internship,,WTTJ,2026-09-25,https://www.welcometothejungle.com/fr/companies/maquette-l-occitane/jobs/stage-supply-chain-h-f_manosque_LOCCI_2205ROj
yes,15,Stage supply chain - optimisation des processus F/H/X,Socomec,4400,"Benfeld, France",Internship,,WTTJ,2026-09-24,https://www.welcometothejungle.com/fr/companies/socomec-1/jobs/stage-supply-chain-optimisation-des-processus-f-h-x_benfeld
yes,15,Stage - Assistant Supply Chain et Approvisionnements (H/F),Hermès,26494,"Pantin, France",Internship,,WTTJ,2026-09-22,https://www.welcometothejungle.com/fr/companies/hermes/jobs/stage-assistant-supply-chain-et-approvisionnements-h-f_pantin_HERMS_5A4DayM
yes,15,STAGE - Assistant Supply Chain et Approvisionnements Chaussures Cuirs Exotiques (H/F),Hermès,26494,"Pantin, France",Internship,,WTTJ,2026-09-17,https://www.welcometothejungle.com/fr/companies/hermes/jobs/stage-assistant-supply-chain-et-approvisionnements-chaussures-cuirs-exotiques-h-f_pantin
yes,15,Assistant Contrôle de Gestion Supply Chain - Stage (H/F/X),Ferrero,1400,"Rouen, France",Internship,,WTTJ,2026-10-02,https://www.welcometothejungle.com/fr/companies/ferrero/jobs/assistant-controle-de-gestion-supply-chain-stage-h-f-x_rouen_FERRE_MArAR9J
yes,15,STAGE - Assistant Chargé de Projets Supply Chain (H/F),Hermès,26494,"Pantin, France",Internship,,WTTJ,2026-09-26,https://www.welcometothejungle.com/fr/companies/hermes/jobs/stage-assistant-charge-de-projets-supply-chain-h-f_pantin
yes,15,STAGE - HRBP / RH de proximité Supply Chain F/H,Safran Aircraft Engines,17400,"Villaroche, France",Internship,,WTTJ,2026-09-16,https://www.welcometothejungle.com/fr/companies/safran-aircraft-engines/jobs/stage-hrbp-rh-de-proximite-supply-chain-f-h_villaroche_SAE_3QRpPX
yes,15,Stage - Chef(fe) de Projet Supply Chain (H/F/X),Amplifon,20000,"Paris, France",Full Time,,WTTJ,2026-09-10,https://www.welcometothejungle.com/fr/companies/amplifon/jobs/stage-chef-fe-de-projet-supply-chain-h-f-x_paris_AMPLI_OjllQ6D
yes,15,"Stage Fin d'études : Ingénieur Supply Chain, Data & Amélioration Continue",Schneider Electric,160000,"Rueil-Malmaison, France",Internship,,WTTJ,2026-09-08,https://www.welcometothejungle.com/fr/companies/schneider-electric/jobs/stage-fin-d-etudes-ingenieur-supply-chain-data-amelioration-continue_rueil-malmaison
yes,15,STAGE 6 MOIS - à partir de Janvier 2027 - Supply Chain Distribution Physique H/F - Master 1/2 - 1700€/mois,L'Oréal Groupe,90000,"Vémars, France",Full Time,,WTTJ,2026-10-05,https://www.welcometothejungle.com/fr/companies/maquette-l-oreal-beauty-tech/jobs/stage-6-mois-a-partir-de-janvier-2027-supply-chain-distribution-physique-h-f-master-1-2-1700-mois_vemars
yes,15,Business Manager - Filière Trade Finance & Receivables Supply Chain H/F,Crédit Agricole CIB,10400,"Montrouge, France",Internship,,WTTJ,2026-09-23,https://www.welcometothejungle.com/fr/companies/credit-agricole-cib/jobs/business-manager-filiere-trade-finance-receivables-supply-chain-h-f_montrouge
yes,15,Chef de projet Achat/Sourcing H/F,Manutan,734,"Gonesse, France",Full Time,,WTTJ,2026-08-19,https://www.welcometothejungle.com/fr/companies/manutan/jobs/chef-de-projet-achat-sourcing-h-f_gonesse
yes,15,Stage - PMO Finance,SUEZ,40000,"Aix-En-Provence, France",Internship,,WTTJ,2026-10-02,https://www.welcometothejungle.com/fr/companies/suez/jobs/stage-pmo-finance_aix-en-provence
yes,15,Stage - PMO Budget et Contrôle Permanent H/F,Crédit Agricole,160000,"Montrouge, France",Internship,,WTTJ,2026-10-02,https://www.welcometothejungle.com/fr/companies/groupe-credit-agricole/jobs/stage-pmo-budget-et-controle-permanent-h-f_montrouge_CA_YymmPY1
yes,15,STAGE - Business Analyst Mobility (H/F),Volkswagen Group France,744,"Roissy-En-France, France",Internship,,WTTJ,2026-10-05,https://www.welcometothejungle.com/fr/companies/volkswagen-group-france-fr/jobs/stage-business-analyst-mobility-h-f_roissy-en-france_VGF_dbJ5lar
yes,15,Stage - Business analyst,Rexel France,5500,"Paris, France",Internship,,WTTJ,2026-10-03,https://www.welcometothejungle.com/fr/companies/rexel-france/jobs/stage-business-analyst_paris
yes,15,STAGE - Business Analyst Service Clients & Assistance Routière (H/F),Volkswagen Group France,744,"Roissy-En-France, France",Internship,,WTTJ,2026-10-02,https://www.welcometothejungle.com/fr/companies/volkswagen-group-france-fr/jobs/stage-business-analyst-service-clients-assistance-routiere-h-f_roissy-en-france
yes,15,Stage - Business Analyst H/F,Crédit Agricole,160000,"Montrouge, France",Internship,,WTTJ,2026-10-02,https://www.welcometothejungle.com/fr/companies/groupe-credit-agricole/jobs/stage-business-analyst-h-f_montrouge_CA_PQ4WQ0L
yes,15,Stage - Business Analyst (H/F),Coface,5236,"Bois-Colombes, France",Internship,,WTTJ,2026-09-15,https://www.welcometothejungle.com/fr/companies/coface/jobs/stage-business-analyst-h-f_bois-colombes
yes,15,STAGE - BUSINESS ANALYST F/H,Cdiscount,2000,"Bordeaux (33), France",Internship,,WTTJ,2026-09-10,https://www.welcometothejungle.com/fr/companies/cdiscount/jobs/stage-business-analyst-f-h_bordeaux-33_CDISC_62r4Raw
yes,15,Stage – CPQ Business Analyst – H/F,Schneider Electric,160000,"Grenoble, France",Internship,,WTTJ,2026-10-04,https://www.welcometothejungle.com/fr/companies/schneider-electric/jobs/stage-cpq-business-analyst-h-f_grenoble_SE_z7aNL7K
yes,15,STAGE - Assistant Business Analyst H/F,Hermès,26494,"Pantin, France",Internship,,WTTJ,2026-09-22,https://www.welcometothejungle.com/fr/companies/hermes/jobs/stage-assistant-business-analyst-h-f_pantin_HERMS_0rNoxy0
yes,15,STAGE - Assistant Business Analyst - Saint Louis H/F,Hermès,26494,"Pantin, France",Internship,,WTTJ,2026-09-22,https://www.welcometothejungle.com/fr/companies/hermes/jobs/stage-assistant-business-analyst-saint-louis-h-f_pantin
yes,15,Stage – CPQ Business Analyst (Systèmes d'informations) – F/H,Schneider Electric,160000,"Grenoble, France",Internship,,WTTJ,2026-09-18,https://www.welcometothejungle.com/fr/companies/schneider-electric/jobs/stage-cpq-business-analyst-systemes-d-informations-f-h_grenoble
yes,15,Data/Business Analyst Pricing - (F/H) en stage,Carrefour,100000,"Massy, France",Internship,,WTTJ,2026-10-06,https://www.welcometothejungle.com/fr/companies/carrefour/jobs/data-business-analyst-pricing-f-h-en-stage_massy_CARRE_Q61mb6
yes,15,Stage | Assistant(e) Chargé(e) d'études Marketing/Business Analyst H/F,Groupe M6,1700,"Neuilly-Sur-Seine, France",Internship,,WTTJ,2026-10-05,https://www.welcometothejungle.com/fr/companies/m6-publicite/jobs/stage-assistant-charge-d-etudes-marketing-business-analyst-h-f_neuilly-sur-seine_GM_rq364JZ
yes,15,Business Analyst Pricing & Cash Management,Société Générale,110000,"Fontenay-Sous-Bois, France",Internship,,WTTJ,2026-10-04,https://www.welcometothejungle.com/fr/companies/societe-generale/jobs/business-analyst-pricing-cash-management_fontenay-sous-bois
yes,15,Business Analyst en Intelligence Artificielle H/F,Crédit Agricole CIB,10400,"Montrouge, France",Internship,,WTTJ,2026-10-03,https://www.welcometothejungle.com/fr/companies/credit-agricole-cib/jobs/business-analyst-en-intelligence-artificielle-h-f_montrouge_CAC_kgdVd4W
yes,15,Business Analyst & Gestion de Projets - Flux et Transactions Internationales,Société Générale,110000,"La Défense, France",Internship,,WTTJ,2026-09-23,https://www.welcometothejungle.com/fr/companies/societe-generale/jobs/charge-de-projet-filiere-flux-et-transactions-internationales_la-defense_SG_4yeYepl
yes,15,Business Analyst - Intern - Barcelona,Papernest,950,"Barcelona, Spain",Internship,,WTTJ,2026-09-12,https://www.welcometothejungle.com/fr/companies/souscritoo/jobs/business-analyst-intern-barcelona_barcelona_PAPER_rNYqV2R
yes,15,Business analyst intern - RTD - January 2027,Pernod Ricard,18200,"Paris, France",Internship,,WTTJ,2026-09-10,https://www.welcometothejungle.com/fr/companies/pernod-ricard/jobs/business-analyst-intern-rtd-january-2027_paris
yes,15,Business Analyst & Partnerships Intern,Papernest,950,"Barcelona, Spain",Internship,,WTTJ,2026-09-07,https://www.welcometothejungle.com/fr/companies/souscritoo/jobs/business-analyst-partnerships-intern_barcelona_PAPER_M6DAdON
yes,15,Stage - Chargé de mission Contrôle des accès site H/F,Framatome,22000,"Romans-Sur-Isère, France",Internship,,WTTJ,2026-09-25,https://www.welcometothejungle.com/fr/companies/framatome-1/jobs/stage-charge-de-mission-controle-des-acces-site-h-f_romans-sur-isere
yes,15,Stage - Chargé.e de mission AMO - Pantin (6 mois) - F/H,AREP,1096,"Pantin, France",Internship,,WTTJ,2026-09-22,https://www.welcometothejungle.com/fr/companies/arep/jobs/stage-charge-e-de-mission-amo-pantin-6-mois-f-h_pantin
yes,15,STAGE - Chargé de mission au cabinet de la présidence F/H,Etablissement français du sang,9666,"La Plaine Saint-Denis, France",Internship,,WTTJ,2026-09-12,https://www.welcometothejungle.com/fr/companies/etablissement-francais-du-sang-1/jobs/stage-charge-de-mission-au-cabinet-de-la-presidence-f-h_la-plaine-saint-denis_EFDS_JlmWXeb
yes,15,Chargé.e de mission développement économique Lyon - STAGE,Groupe Axtom,230,"Lyon, France",Internship,,WTTJ,2026-08-31,https://www.welcometothejungle.com/fr/companies/groupe-axtom/jobs/charge-e-de-mission-developpement-economique-lyon-stage_lyon
yes,15,Chargé de mission qualité et digitalisation - Stage F/H,VINCI Energies en France,39000,"Parçay-Meslay, France",Internship,,WTTJ,2026-08-17,https://www.welcometothejungle.com/fr/companies/vinci-energies/jobs/charge-de-mission-qualite-et-digitalisation-stage-f-h_parcay-meslay
yes,15,Stage (PPI) - Chargé de mission fiscalité - H/F,Schneider Electric,160000,"Rueil-Malmaison, France",Internship,,WTTJ,2026-09-20,https://www.welcometothejungle.com/fr/companies/schneider-electric/jobs/stage-ppi-charge-de-mission-fiscalite-h-f_rueil-malmaison_SE_0rN91Lx
yes,15,STAGE - Assistant Chargé de Mission Santé Sécurité (H/F),Hermès,26494,"Pantin, France",Internship,,WTTJ,2026-09-17,https://www.welcometothejungle.com/fr/companies/hermes/jobs/stage-assistant-charge-de-mission-sante-securite-h-f_pantin
yes,15,Stage - 6 mois - Chargé de mission RSE F/H,Natixis,13600,"Paris, France",Internship,,WTTJ,2026-09-25,https://www.welcometothejungle.com/fr/companies/natixis/jobs/stage-6-mois-charge-de-mission-rse-f-h_paris
yes,15,Stage - Chargé(e) de mission RSE et Engagement Collaborateur (Communication),Schneider Electric,160000,"Rueil-Malmaison, France",Internship,,WTTJ,2026-09-13,https://www.welcometothejungle.com/fr/companies/schneider-electric/jobs/stage-charge-de-mission-rse-et-engagement-collaborateur-communication_rueil-malmaison
yes,15,Offre de stage – chargé(e) de mission  Paris Climate & Nature Week,Sciences Po,1200,"Paris, France",Full Time,,WTTJ,2026-09-05,https://www.welcometothejungle.com/fr/companies/sciences-po/jobs/offre-de-stage-charge-de-mission-paris-climate-nature-week_paris
yes,15,Stage Chargé(e) de Mission RSE H/F,RITZ PARIS,640,"Paris, France",Internship,,WTTJ,2026-09-04,https://www.welcometothejungle.com/fr/companies/ritz-paris/jobs/stage-charge-de-mission-rse-h-f_paris_RP_ZzMboqy
yes,15,Chargé de mission sûreté internationale,Société Générale,110000,"La Défense, France",Internship,,WTTJ,2026-10-02,https://www.welcometothejungle.com/fr/companies/societe-generale/jobs/charge-de-mission-surete-internationale_la-defense_SG_2DGbNLO
yes,15,Chargé de mission conformité,Société Générale,110000,"La Défense, France",Internship,,WTTJ,2026-09-23,https://www.welcometothejungle.com/fr/companies/societe-generale/jobs/charge-de-mission-conformite_la-defense_SG_g7Z8XDL
yes,15,Chargé de mission pilotage conformité,Société Générale,110000,"La Défense, France",Internship,,WTTJ,2026-09-23,https://www.welcometothejungle.com/fr/companies/societe-generale/jobs/charge-de-mission-pilotage-conformite_la-defense_SG_2Oj9bp7
yes,15,Chargé de mission ESG,Société Générale,110000,"La Défense, France",Internship,,WTTJ,2026-09-17,https://www.welcometothejungle.com/fr/companies/societe-generale/jobs/charge-de-mission-esg_la-defense
yes,15,Chargé(e) de mission – Modélisation de la productivité H/F,Elis,58782,"Saint-Cloud, France",Internship,,WTTJ,2026-04-16,https://www.welcometothejungle.com/fr/companies/elis-france/jobs/charge-de-mission-modelisation-de-la-productivite-h-f_saint-cloud
yes,15,W CONRAN DESIGN - STAGE - ASSISTANT PLANNEUR STRATÉGIQUE (H/F) - STAGE,Havas France,3500,"Boulogne Billancourt, France",Internship,,WTTJ,2026-10-05,https://www.welcometothejungle.com/fr/companies/havas-sa/jobs/w-conran-design-stage-assistant-planneur-strategique-h-f-stage_boulogne-billancourt
yes,15,Product Manager – Module Agricole bobbee (H/F),EIC,,"Beauvais, Hauts-de-France, France",Full-time,,LinkedIn,,https://fr.linkedin.com/jobs/view/product-manager-%E2%80%93-module-agricole-bobbee-h-f-at-eic-4474080649
yes,12,stage 6 mois – documentation opérations qualité du site,Sanofi,Large group,Marcy-l'Etoile,Internship,,Workday,Yesterday,https://sanofi.wd3.myworkdayjobs.com/SanofiCareers/job/Marcy-lEtoile/stage-6-mois---documentation-oprations-qualit-du-site_R2873975
yes,12,stage 6 mois – formation opérations qualité du site,Sanofi,Large group,Marcy-l'Etoile,Internship,,Workday,Yesterday,https://sanofi.wd3.myworkdayjobs.com/SanofiCareers/job/Marcy-lEtoile/stage-6-mois---formation-oprations-qualit-du-site_R2873964
yes,12,Rare disease/ Rare blood disorders Medical graduate,Sanofi,Large group,Barangaroo,Full-time,,Workday,4 Days Ago,https://sanofi.wd3.myworkdayjobs.com/SanofiCareers/job/Barangaroo/Rare-disease--Rare-blood-disorders-Medical-graduate_R2872236
yes,12,Global Medical Affairs Associate VIE Contract,Sanofi,Large group,"Cambridge, MA",VIE,,Workday,13 Days Ago,https://sanofi.wd3.myworkdayjobs.com/SanofiCareers/job/Cambridge-MA/Global-Medical-Affairs-Associate-VIE-Contract_R2869250
yes,12,"Global Lead, Scientific Platforms & Engagement Strategy",Sanofi,Large group,2 Locations,Full-time,,Workday,20 Days Ago,https://sanofi.wd3.myworkdayjobs.com/SanofiCareers/job/Cambridge-MA/Global-Lead--Scientific-Platforms---Engagement-Strategy_R2863432-1
yes,12,Source-to-Pay Strategic Support Associate,Sanofi,Large group,Hyderabad,Full-time,,Workday,6 Days Ago,https://sanofi.wd3.myworkdayjobs.com/SanofiCareers/job/Hyderabad/Source-to-Pay-Strategic-Support-Associate_R2872514-1
yes,12,Hub Operations Support,Sanofi,Large group,Bogota,Full-time,,Workday,Yesterday,https://sanofi.wd3.myworkdayjobs.com/SanofiCareers/job/Bogota/Hub-Operations-Support_R2873102
yes,12,Medical Operations Lead- Egypt,Sanofi,Large group,Cairo,Full-time,,Workday,5 Days Ago,https://sanofi.wd3.myworkdayjobs.com/SanofiCareers/job/Cairo/Medical-Operations-Lead--Egypt_R2872958-1
yes,12,Controlling Operations GBU Financial Analyst,Sanofi,Large group,Budapest,Full-time,,Workday,6 Days Ago,https://sanofi.wd3.myworkdayjobs.com/SanofiCareers/job/Budapest/Controlling-Operations-GBU-Financial-Analyst_R2872337
yes,12,Stage 2027 - Bid Management / business development Cyber Sécurité (All Gender),Airbus,Large group,Toulouse Area,Internship,,Workday,Today,https://ag.wd3.myworkdayjobs.com/Airbus/job/Toulouse-Area/Stage-2027---Bid-Management---business-development-Cyber-Scurit--All-Gender-_JR10448259
yes,12,Stage 2027 - Support aux Opérations Recrutement (ALL GENDER),Airbus,Large group,Saint Nazaire Area,Internship,,Workday,Yesterday,https://ag.wd3.myworkdayjobs.com/Airbus/job/Saint-Nazaire-Area/Stage-2027---Support-aux-Oprations-Recrutement--ALL-GENDER-_JR10436694
yes,12,Business Development and Integration Placement (12.5 months),Airbus,Large group,Broughton,Full-time,,Workday,8 Days Ago,https://ag.wd3.myworkdayjobs.com/Airbus/job/Broughton/Business-Development-and-Integration-Placement--125-months-_JR10427910
yes,12,Site Operations Placement (12 months),Airbus,Large group,Portsmouth,Full-time,,Workday,8 Days Ago,https://ag.wd3.myworkdayjobs.com/Airbus/job/Portsmouth/Site-Operations-Placement--12-months-_JR10431982
yes,12,SKYWISE - Cloud Operations & Observability Engineer,Airbus,Large group,Gdansk,Full-time,,Workday,Today,https://ag.wd3.myworkdayjobs.com/Airbus/job/Gdansk/SKYWISE---Cloud-Operations---Observability-Engineer_JR10424140
yes,12,Flight Operations Support – Meteorologist (f/m),Airbus,Large group,Toulouse Area,Full-time,,Workday,4 Days Ago,https://ag.wd3.myworkdayjobs.com/Airbus/job/Toulouse-Area/Flight-Operations-Support---Meteorologist--f-m-_JR10442735
yes,12,STAGE 2027 - Stage en Amélioration continue Service Opérations d’Approvisionnement « PICPL Procurement Operations » (h/f),Airbus,Large group,Toulouse Area,Internship,,Workday,Yesterday,https://ag.wd3.myworkdayjobs.com/Airbus/job/Toulouse-Area/STAGE-2027---Stage-en-Amlioration-continue-Service-Oprations-d-Approvisionnement---PICPL-Procurement-Operations----h-f-_JR10444402
yes,12,Area Operations Manager,Michelin,Large group,"ANDERSON, SC",Full-time,,Workday,30+ Days Ago,https://michelinhr.wd3.myworkdayjobs.com/Michelin/job/ANDERSON-SC/Area-Operations-Manager_R-2026020238
yes,12,Internship - International Digital Manager Assistant M/F,Pernod Ricard,Large group,,Internship,,Workday,30+ Days Ago,https://pernodricard.wd3.myworkdayjobs.com/pernod-ricard/job/Internship---International-Digital-Manager-Assistant-M-F_JR-032990-1
yes,12,Business Development Manager,Pernod Ricard,Large group,Johannesburg,Full-time,,Workday,30+ Days Ago,https://pernodricard.wd3.myworkdayjobs.com/pernod-ricard/job/Johannesburg/Trade-Marketing-Lead_JR-053091-1
yes,12,VIE Design / Corrosion Engineer,VINCI Construction,117000,"Melbourne, Australia",VIE,,WTTJ,2026-09-23,https://www.welcometothejungle.com/fr/companies/vinci-construction-fr/jobs/vie-design-corrosion-engineer_melbourne
yes,10,stage 6 mois data integrity et transformation digitale,Sanofi,Large group,Marcy-l'Etoile,Internship,,Workday,Yesterday,https://sanofi.wd3.myworkdayjobs.com/SanofiCareers/job/Marcy-lEtoile/stage-6-mois-data-integrity-et-transformation-digitale_R2873971
yes,10,Project Manager Medical Communications,Sanofi,Large group,Hyderabad,Full-time,,Workday,6 Days Ago,https://sanofi.wd3.myworkdayjobs.com/SanofiCareers/job/Hyderabad/Project-Manager-Medical-Communications_R2858003
yes,10,Clinical Supply Chain Project Leader,Sanofi,Large group,2 Locations,Full-time,,Workday,30+ Days Ago,https://sanofi.wd3.myworkdayjobs.com/SanofiCareers/job/Cambridge-MA/Clinical-Supply-Chain-Project-Leader_R2858037
yes,10,Group Lead Data and Process Management,Sanofi,Large group,Hyderabad,Full-time,,Workday,Yesterday,https://sanofi.wd3.myworkdayjobs.com/SanofiCareers/job/Hyderabad/Group-Lead-Data-and-Process-Management_R2870052
yes,10,Strategic Account Manager- Vaccines,Sanofi,Large group,10 Locations,Full-time,,Workday,5 Days Ago,https://sanofi.wd3.myworkdayjobs.com/SanofiCareers/job/NEW-YORK-NY/Strategic-Account-Manager--Vaccines_R2833822
yes,10,Product Owner Platforms Configurations and Data Mgmt,Sanofi,Large group,Hyderabad,Full-time,,Workday,7 Days Ago,https://sanofi.wd3.myworkdayjobs.com/SanofiCareers/job/Hyderabad/Product-Owner-Platforms-Configurations-and-Data-Mgmt_R2871930
yes,10,Digital Solution Architect MSAT,Sanofi,Large group,Lyon,Full-time,,Workday,8 Days Ago,https://sanofi.wd3.myworkdayjobs.com/SanofiCareers/job/Lyon/Accelerator-Digital-Architect---Manufacturing-Sciences--Analytics---Technology--MSAT-_R2860899
yes,10,Supply Chain Internship,Sanofi,Large group,Scoppito,Internship,,Workday,Today,https://sanofi.wd3.myworkdayjobs.com/SanofiCareers/job/Scoppito/Supply-Chain-Internship_R2873802
yes,10,People and Culture Trainee - VIE contract,Sanofi,Large group,Vienna,VIE,,Workday,8 Days Ago,https://sanofi.wd3.myworkdayjobs.com/SanofiCareers/job/Vienna/People-and-Culture-Trainee---VIE-contract_R2860617
yes,10,stage 6 mois - maintenance et transformation digitale,Sanofi,Large group,Aramon,Internship,,Workday,12 Days Ago,https://sanofi.wd3.myworkdayjobs.com/SanofiCareers/job/Aramon/alternance-12-mois---maintenance-et-transformation-digitale_R2852491
yes,10,Business Analyst - Engineering,Airbus,Large group,2 Locations,Full-time,,Workday,Today,https://ag.wd3.myworkdayjobs.com/Airbus/job/Coimbra/Business-Analyst---Engineering_JR10448344
yes,10,VIE - 2027- Germany/Hamburg - Business Manager Cabin Upgrades (d/f/m),Airbus,Large group,Hamburg Area,VIE,,Workday,Today,https://ag.wd3.myworkdayjobs.com/Airbus/job/Hamburg-Area/VIE---2027--Germany-Hamburg---Business-Manager-Cabin-Upgrades--d-f-m-_JR10402938
yes,10,Project Manager & Line Manager – Architecture Produit & Safety Équipement Avionique - (All Gender),Airbus,Large group,Toulouse Area,Full-time,,Workday,Today,https://ag.wd3.myworkdayjobs.com/Airbus/job/Toulouse-Area/Project-Manager---Line-Manager---Architecture-Produit---Safety-quipement-Avionique----All-Gender-_JR10448370
yes,10,STAGE 2027 - Gestion de Projet IA & Innovation Qualité - Structure A350 (H/F),Airbus,Large group,Saint Nazaire Area,Internship,,Workday,Today,https://ag.wd3.myworkdayjobs.com/Airbus/job/Saint-Nazaire-Area/STAGE-2027---Gestion-de-Projet-IA---Innovation-Qualit---Structure-A350--ALL-GENDER-_JR10437937
yes,10,STAGE 2027 - Gestion de Projet IA & Innovation Qualité  - Structure A350 (ALL GENDER),Airbus,Large group,Saint Nazaire Area,Internship,,Workday,Today,https://ag.wd3.myworkdayjobs.com/Airbus/job/Saint-Nazaire-Area/STAGE-2027---Gestion-de-Projet-IA---Innovation-Qualit----Structure-A350--H-F-_JR10438192
yes,10,STAGE 2027 - Stage en gestion de projet IA  & Innovation Qualité  (H/F),Airbus,Large group,Saint Nazaire Area,Internship,,Workday,Today,https://ag.wd3.myworkdayjobs.com/Airbus/job/Saint-Nazaire-Area/STAGE-2027---Assistant-Chef-de-Projet-IA---Innovation-Qualit----ALL-GENDER-_JR10432177
yes,10,STAGE 2027 - Projets formation et innovation pédagogique (all gender),Airbus,Large group,Toulouse Area,Internship,,Workday,Today,https://ag.wd3.myworkdayjobs.com/Airbus/job/Toulouse-Area/STAGE-2027---Projets-formation-et-innovation-pdagogique--all-gender-_JR10431503
yes,10,MASTER IN AIRFRAME TECHNOLOGY 2027 #MAIR2027 (INTERNSHIP),Airbus,Large group,Getafe Area,Internship,,Workday,Yesterday,https://ag.wd3.myworkdayjobs.com/Airbus/job/Getafe-Area/MASTER-IN-AIRFRAME-TECHNOLOGY-2027--MAIR2027--INTERNSHIP-_JR10448000
yes,10,Working Student within Supply Chain and Logistics (d/f/m),Airbus,Large group,Hanover Area,Full-time,,Workday,Yesterday,https://ag.wd3.myworkdayjobs.com/Airbus/job/Hanover-Area/Working-Student-within-Supply-Chain-and-Logistics--d-f-m-_JR10437089
yes,10,ERP - Production Systems Efficiency Product Owner,Airbus,Large group,Belfast,Full-time,,Workday,Yesterday,https://ag.wd3.myworkdayjobs.com/Airbus/job/Belfast/Production-Systems-Efficiency-Product-Owner-for-ERP-S-4-Projects---Belfast_JR10429558
yes,10,Project Manager (Contract),Airbus,Large group,"Columbus, MS",Full-time,,Workday,20 Days Ago,https://ag.wd3.myworkdayjobs.com/Airbus/job/Columbus-MS/Project-Manager--Contract-_JR10440498
yes,10,Business and Digital Support Placement (12.5 months),Airbus,Large group,Broughton,Full-time,,Workday,8 Days Ago,https://ag.wd3.myworkdayjobs.com/Airbus/job/Broughton/Business-and-Digital-Support-Placement--125-months-_JR10428312
yes,10,Innovation Management Placement (12 months),Airbus,Large group,Stevenage,Full-time,,Workday,8 Days Ago,https://ag.wd3.myworkdayjobs.com/Airbus/job/Stevenage/Innovation-Management-Placement--12-months-_JR10424565
yes,10,Supply Chain Space Systems Placement (12 months),Airbus,Large group,Portsmouth,Full-time,,Workday,8 Days Ago,https://ag.wd3.myworkdayjobs.com/Airbus/job/Portsmouth/Supply-Chain-Space-Systems-Placement--12-months-_JR10424559
yes,10,Procurement and Supply Chain Degree Apprenticeship,Airbus,Large group,Bristol Area,Internship,,Workday,Yesterday,https://ag.wd3.myworkdayjobs.com/Airbus/job/Bristol-Area/Procurement-and-Supply-Chain-Degree-Apprenticeship_JR10424271
yes,10,Supply Chain (Business Degree) Apprenticeship,Airbus,Large group,Broughton,Internship,,Workday,Yesterday,https://ag.wd3.myworkdayjobs.com/Airbus/job/Broughton/Supply-Chain--Business-Degree--Apprenticeship_JR10427958
yes,10,Product Manager Comms,Airbus,Large group,Getafe Area,Full-time,,Workday,Today,https://ag.wd3.myworkdayjobs.com/Airbus/job/Getafe-Area/Product-Manager-Comms_JR10434203-1
yes,10,Supply Chain Quality Manager M/F  Microwave Instruments for SpS,Airbus,Large group,Getafe,Full-time,,Workday,Today,https://ag.wd3.myworkdayjobs.com/Airbus/job/Getafe/Supply-Chain-Quality-Manager-M-F--Microwave-Instruments-for-SpS_JR10431456-1
yes,10,"STAGE 2027 - Project Management Office (PMO) , Eurostar NEO (F/H)",Airbus,Large group,Toulouse Area,Internship,,Workday,Today,https://ag.wd3.myworkdayjobs.com/Airbus/job/Toulouse-Area/STAGE-2027---Project-Management-Office--PMO----Eurostar-NEO--F-H-_JR10434017
yes,10,Service Project Manager (f/h),Airbus,Large group,2 Locations,Full-time,,Workday,Yesterday,https://ag.wd3.myworkdayjobs.com/Airbus/job/Paris-Area/Service-Project-Manager--f-h-_JR10370801-1
yes,10,STAGE 2027 - Transformation et optimisation des processus achats (f/h),Airbus,Large group,Toulouse Area,Internship,,Workday,Yesterday,https://ag.wd3.myworkdayjobs.com/Airbus/job/Toulouse-Area/STAGE-2027---Transformation-et-optimisation-des-processus-achats--f-h-_JR10444683
yes,10,MRTT+ Industrialization Supply Chain & Quality Manager,Airbus,Large group,2 Locations,Full-time,,Workday,Yesterday,https://ag.wd3.myworkdayjobs.com/Airbus/job/Getafe-Area/MRTT--Industrialization-Supply-Chain---Quality-Manager_JR10442451
yes,10,STAGE 2027 - Ingénieur(e) Process & Outils Digitaux (h/f),Airbus,Large group,Marseille Area,Internship,,Workday,Yesterday,https://ag.wd3.myworkdayjobs.com/Airbus/job/Marseille-Area/STAGE-2027---Ingnieur-e--Process---Outils-Digitaux--h-f-_JR10443810
yes,10,STAGE 2027 - Chargé(e) d'Amélioration Numérique & Innovation RH (h/f),Airbus,Large group,Toulouse Area,Internship,,Workday,4 Days Ago,https://ag.wd3.myworkdayjobs.com/Airbus/job/Toulouse-Area/STAGE-2027---Charg-e--d-Amlioration-Numrique---Innovation-RH--h-f-_JR10444078
yes,10,Finance Business Process Analyst,Airbus,Large group,2 Locations,Full-time,,Workday,4 Days Ago,https://ag.wd3.myworkdayjobs.com/Airbus/job/Lisbon-Airbus-Portugal/Finance-Business-Process-Analyst_JR10442840
yes,10,HR Business Analyst & Automation,Airbus,Large group,2 Locations,Full-time,,Workday,4 Days Ago,https://ag.wd3.myworkdayjobs.com/Airbus/job/Lisbon-Airbus-Portugal/HR-Business-Analyst---Automation_JR10436621
yes,10,Business Analyst - TD and Maint. Eng. Solutions - Transversal Services (d/f/m),Airbus,Large group,Marseille Area,Full-time,,Workday,4 Days Ago,https://ag.wd3.myworkdayjobs.com/Airbus/job/Marseille-Area/Business-Analyst---TD-and-Maint-Eng-Solutions---Transversal-Services--d-f-m-_JR10430988-1
yes,10,STAGE 2027 - Stage en Digitalisation et Qualité Supply Chain (h/f),Airbus,Large group,Toulouse Area,Internship,,Workday,Yesterday,https://ag.wd3.myworkdayjobs.com/Airbus/job/Toulouse-Area/STAGE-2027---Stage-en-Digitalisation-et-Qualit-Supply-Chain--h-f-_JR10443465
yes,10,Stage 2027 - Stage en Développement d'outil digital & Capitalisation Data Fixations (h/f),Airbus,Large group,Toulouse Area,Internship,,Workday,Yesterday,https://ag.wd3.myworkdayjobs.com/Airbus/job/Toulouse-Area/Stage-2027---Stage-en-Dveloppement-d-outil-digital---Capitalisation-Data-Fixations--h-f-_JR10444104
yes,10,STAGE 2027 - Stage en Qualité Supply Chain / Fournisseurs (h/f),Airbus,Large group,Marseille Area,Internship,,Workday,Yesterday,https://ag.wd3.myworkdayjobs.com/Airbus/job/Marseille-Area/STAGE-2027---Stage-en-Qualit-Supply-Chain---Fournisseurs--h-f-_JR10443863
yes,10,Supply Chain & Quality Manager - EFA Ram Up (m/f/d),Airbus,Large group,Manching,Full-time,,Workday,Yesterday,https://ag.wd3.myworkdayjobs.com/Airbus/job/Manching/Supply-Chain---Quality-Manager---EFA-Ram-Up--m-f-d-_JR10440992
yes,10,Supply Chain Performance Analyst,Airbus,Large group,2 Locations,Full-time,,Workday,4 Days Ago,https://ag.wd3.myworkdayjobs.com/Airbus/job/Lisbon-Airbus-Portugal/Supply-Chain-Performance-Analyst_JR10435792
yes,10,Stage 2027 - Ingénieur Amélioration Continue Supply Chain (ALL GENDER),Airbus,Large group,Méaulte Area,Internship,,Workday,4 Days Ago,https://ag.wd3.myworkdayjobs.com/Airbus/job/Maulte-Area/Stage-2027---Ingnieur-Amlioration-Continue-Supply-Chain--ALL-GENDER-_JR10444317
yes,10,Michelin Business Process Execution (MARS project) - Join our Talent Pool!,Michelin,Large group,Ho Chi Minh City,Full-time,,Workday,4 Days Ago,https://michelinhr.wd3.myworkdayjobs.com/Michelin/job/Ho-Chi-Minh-City/Michelin-Business-Process-Execution--MARS-project----Join-our-Talent-Pool-_R-2026015848
yes,10,Michelin Supply Chain APAC - Join our Talent Pool!,Michelin,Large group,8 Locations,Full-time,,Workday,30+ Days Ago,https://michelinhr.wd3.myworkdayjobs.com/Michelin/job/MICHELIN-ROH-CO-LTD/Michelin-Supply-Chain-APAC---Join-our-Talent-poo--_R-2026003442
yes,10,Program Manager*in Händlerprogramme DACH (alle) (befristet 2 Jahre),Michelin,Large group,Frankfurt / Main,Full-time,,Workday,4 Days Ago,https://michelinhr.wd3.myworkdayjobs.com/Michelin/job/Frankfurt--Main/Program-Manager-Subdealer-Development_R-2026035776-1
yes,10,Process Engineer,Michelin,Large group,Prapradaeng STP,Full-time,,Workday,30+ Days Ago,https://michelinhr.wd3.myworkdayjobs.com/Michelin/job/Prapradaeng-STP/Process-Engineer_R-2024029273
yes,10,Spring 2027 Internship: Marketing/Digital ( Laurens Proving Grounds),Michelin,Large group,2 Locations,Internship,,Workday,28 Days Ago,https://michelinhr.wd3.myworkdayjobs.com/Michelin/job/MOUNTVILLE-SC/Spring-2027-Internship--Marketing-Digital---Laurens-Proving-Grounds-_R-2026032376
yes,10,Group Lean HR Project Manager,Michelin,Large group,Voluntari,Full-time,,Workday,Yesterday,https://michelinhr.wd3.myworkdayjobs.com/Michelin/job/Voluntari/Group-Lean-HR-Project-Manager_R-2026035614-1
yes,10,Industrial Project Manager (Experienced Professional),Michelin,Large group,"LOUISVILLE, KY",Full-time,,Workday,26 Days Ago,https://michelinhr.wd3.myworkdayjobs.com/Michelin/job/LOUISVILLE-KY/Industrial-Project-Manager--Experienced-Professional-_R-2026031966
yes,10,Production Planning Manager,Michelin,Large group,"Bekasi Regency, West Java",Full-time,,Workday,11 Days Ago,https://michelinhr.wd3.myworkdayjobs.com/Michelin/job/Bekasi-Regency-West-Java/Production-Planning-Manager_R-2026036529
yes,10,Lead Process Engineer (Experienced Professional),Michelin,Large group,"LOUISVILLE, KY",Full-time,,Workday,14 Days Ago,https://michelinhr.wd3.myworkdayjobs.com/Michelin/job/LOUISVILLE-KY/Lead-Process-Engineer--Experienced-Professional--_R-2026031965
yes,10,Quality Process Engineer,Michelin,Large group,"ANDERSON, SC",Full-time,,Workday,30+ Days Ago,https://michelinhr.wd3.myworkdayjobs.com/Michelin/job/ANDERSON-SC/Quality-Process-Engineer_R-2026021723
yes,10,"FIN, SWE, DEU, NDL Integrated Business Planning Manager  IBP",Michelin,Large group,Voluntari,Full-time,,Workday,30+ Days Ago,https://michelinhr.wd3.myworkdayjobs.com/Michelin/job/Voluntari/FIN--SWE--DEU--NDL-Integrated-Business-Planning-Manager--IBP_R-2026027426
yes,10,"Spring 2027 Co-op: Process Quality (Greenville, US)",Michelin,Large group,"GREENVILLE, SC",Full-time,,Workday,30+ Days Ago,https://michelinhr.wd3.myworkdayjobs.com/Michelin/job/GREENVILLE-SC/Spring-2027-Co-op--Process-Quality--Greenville--US-_R-2026030034
yes,10,S2P Transformation Manager,Michelin,Large group,Voluntari,Full-time,,Workday,30+ Days Ago,https://michelinhr.wd3.myworkdayjobs.com/Michelin/job/Voluntari/S2P-Transformation-Manager_R-2026033729
yes,10,Conducteur process chimique en Recherche et Développement (F/H),Michelin,Large group,Clermont-Ferrand,Full-time,,Workday,30+ Days Ago,https://michelinhr.wd3.myworkdayjobs.com/Michelin/job/Clermont-Ferrand/conducteur-d-installations-chimiques-sur-unit-pilote-de-Recherche-et-Dveloppement--F-H-_R-2024027216
yes,10,"Summer 2027 Internship: Digital (Greenville, SC)",Michelin,Large group,"GREENVILLE, SC",Internship,,Workday,30+ Days Ago,https://michelinhr.wd3.myworkdayjobs.com/Michelin/job/GREENVILLE-SC/Summer-2027-Internship--Digital--Greenville--SC-_R-2026028956
yes,10,"Summer 2027: Supply Chain (Greenville, SC)",Michelin,Large group,"GREENVILLE, SC",Full-time,,Workday,28 Days Ago,https://michelinhr.wd3.myworkdayjobs.com/Michelin/job/GREENVILLE-SC/Summer-2027--Supply-Chain--Greenville--SC-_R-2026031848
yes,10,CUSTOMER SUPPLY CHAIN ASSISTANT WITH GERMAN – ORIGINAL EQUIPMENT MARKET - 7.500 - 8.300 brutto,Michelin,Large group,Warszawa,Full-time,,Workday,30+ Days Ago,https://michelinhr.wd3.myworkdayjobs.com/Michelin/job/Warszawa/CUSTOMER-SUPPLY-CHAIN-ANALYST-Z-JZYKIEM-NIEMIECKIM_R-2024036826
yes,10,Stage - Chargé.e de Projets RH & Qualité de Vie au Travail - Mars 2027,Pernod Ricard,Large group,Cognac,VIE,,Workday,22 Days Ago,https://pernodricard.wd3.myworkdayjobs.com/pernod-ricard/job/Cognac/Stage---Charge-de-Projets-RH---Qualit-de-Vie-au-Travail---Mars-2027_JR-054942
yes,10,Product Owner Intern (H/F),Pernod Ricard,Large group,,Internship,,Workday,30+ Days Ago,https://pernodricard.wd3.myworkdayjobs.com/pernod-ricard/job/Product-Owner-Intern_JR-034638-2
yes,10,"Trade Marketing Management Trainee, On & Hotel",Pernod Ricard,Large group,Istanbul,Full-time,,Workday,27 Days Ago,https://pernodricard.wd3.myworkdayjobs.com/pernod-ricard/job/Istanbul/Trade-Marketing-Management-Trainee--On---Hotel_JR-054927
yes,10,Stage – Chef(fe) de Projet Développement Commercial & Activation Marques - Marseille - Janvier 2027,Pernod Ricard,Large group,Marseille,Internship,,Workday,14 Days Ago,https://pernodricard.wd3.myworkdayjobs.com/pernod-ricard/job/Marseille/Stage---Chef-fe--de-Projet-Dveloppement-Commercial---Activation-Marques_JR-054789-1
yes,10,Stage - Direction Juridique Digital et Données Personelles - H/F,Pernod Ricard,Large group,,Internship,,Workday,30+ Days Ago,https://pernodricard.wd3.myworkdayjobs.com/pernod-ricard/job/_JR-033011-1
yes,10,VIE Monitoring Surveyors  F/M,VINCI Construction,117000,"Melbourne, Australia",VIE,,WTTJ,2026-10-06,https://www.welcometothejungle.com/fr/companies/vinci-construction-fr/jobs/vie-monitoring-surveyors-f-m_melbourne
yes,10,Financial Planner & Analyst-(VIE),Decathlon,103020,"Dhaka, Bangladesh",VIE,,WTTJ,2026-10-03,https://www.welcometothejungle.com/fr/companies/decathlon/jobs/financial-planner-analyst-vie_dhaka
yes,10,Content Marketing Specialist - VIE Contract,ChapsVision,1100,"Casablanca, Morocco",VIE,,WTTJ,2026-09-30,https://www.welcometothejungle.com/fr/companies/chapsvision/jobs/content-marketing-specialist-vie-contract_casablanca
yes,10,Content Marketing Specialist - Contrat VIE,ChapsVision,1100,"Casablanca, Morocco",VIE,,WTTJ,2026-09-30,https://www.welcometothejungle.com/fr/companies/chapsvision/jobs/content-marketing-specialist-contrat-vie_casablanca
yes,10,Content Marketing Specialist - VIE Vertrag,ChapsVision,1100,"Casablanca, Morocco",VIE,,WTTJ,2026-09-30,https://www.welcometothejungle.com/fr/companies/chapsvision/jobs/content-marketing-specialist-vie-vertrag_casablanca
yes,10,Industrial Project Engineer - VIE F/H,Safran Aircraft Engines,17400,"Sędziszów, Poland",VIE,,WTTJ,2026-09-11,https://www.welcometothejungle.com/fr/companies/safran-aircraft-engines/jobs/industrial-project-engineer-vie-f-h_sedziszow
yes,10,Financial Planner & Analyst - (VIE),Decathlon,103020,"Bengaluru, India",VIE,,WTTJ,2026-09-05,https://www.welcometothejungle.com/fr/companies/decathlon/jobs/financial-planner-analyst-vie_bengaluru
,34,Group Transformation PMO Italy (H/F),LYNXEO FRANCE,,"Limito Di Pioltello, Italie",VIE (12 months),2027-01,VIE,2026-07-28,https://mon-vie-via.businessfrance.fr/offres/244942
,32,VIE - HR Project Officer - Ballerup (H/F),SCHNEIDER ELECTRIC INDUSTRIES SAS,,"Ballerup, Danemark",VIE (12 months),2027-01,VIE,2026-09-18,https://mon-vie-via.businessfrance.fr/offres/246128
,31,GTM Strategy & Operations Analyst,Stripe,,Dublin,Full-time,,Greenhouse,2026-09-25,https://stripe.com/jobs/search?gh_jid=8195483
,31,"Strategy & Operations, Infrastructure",Stripe,,Remote US,Full-time,,Greenhouse,2026-09-25,https://stripe.com/jobs/search?gh_jid=8171095
,30,Chef de projet Transformation Digitale (H/F),GARDNER AEROSPACE OPERATIONS FRANCE,,"Nowa Deba, Pologne",VIE (12 months),2027-02,VIE,2026-09-21,https://mon-vie-via.businessfrance.fr/offres/246224
,30,VIE - Construction Planning Engineer (H/F),VINCI CONSTRUCTION GRANDS PROJETS,,"Toronto, Canada",VIE (12 months),2027-01,VIE,2026-09-18,https://mon-vie-via.businessfrance.fr/offres/246114
,30,Analyste Transformation et Planification Supply Chain (H/F),COMPAGNIE DE SAINT-GOBAIN,,"Tokyo, Japon",VIE (12 months),2027-02,VIE,2026-09-15,https://mon-vie-via.businessfrance.fr/offres/245994
,29,GTM Operations Process Architect,Stripe,,US Remote National,Full-time,,Greenhouse,2026-09-25,https://stripe.com/jobs/search?gh_jid=7993610
,28,VIE - HR Data & Process Analyst H/F (H/F),CA INDOSUEZ,,"Geneve, Suisse",VIE (12 months),2027-01,VIE,2026-09-07,https://mon-vie-via.businessfrance.fr/offres/245650
,27,Privacy Operations Program Manager,Stripe,,"Dublin, London",Full-time,,Greenhouse,2026-09-25,https://stripe.com/jobs/search?gh_jid=8094087
,27,Strategic Capacity Planning Specialist,Stripe,,Dublin,Full-time,,Greenhouse,2026-09-25,https://stripe.com/jobs/search?gh_jid=8168554
,26,Business Development Associate (H/F),CHARGEURS MUSEUM STUDIO,,"New York  -Ny-, Etats-Unis",VIE (12 months),2027-01,VIE,2026-09-28,https://mon-vie-via.businessfrance.fr/offres/246476
,26,Comms Strategy & Operations Associate,Stripe,,"NYC, SF",Full-time,,Greenhouse,2026-10-02,https://stripe.com/jobs/search?gh_jid=8241857
,26,"Strategy & Operations, Risk",Stripe,,"US-SF, US-SEA",Full-time,,Greenhouse,2026-09-25,https://stripe.com/jobs/search?gh_jid=8199596
,26,"Strategy and Operations Manager, Executive Programs",Cloudflare,,Hybrid,Full-time,,Greenhouse,2026-10-02,https://boards.greenhouse.io/cloudflare/jobs/8139424?gh_jid=8139424
,24,Business Developer (H/F),AFIXEN,,"Bruxelles, Belgique",VIE (24 months),2027-01,VIE,2026-09-09,https://mon-vie-via.businessfrance.fr/offres/245727
,24,VIE GERMANY - PRIVATE DEBT DACH (H/F),ATALANTE,,"Munich, Allemagne",VIE (12 months),2027-03,VIE,2026-09-28,https://mon-vie-via.businessfrance.fr/offres/246473
,24,Finance & Strategy Analyst,Stripe,,"SF, SEA, CHI, NYC",Full-time,,Greenhouse,2026-09-25,https://stripe.com/jobs/search?gh_jid=8231575
,24,Business Operations Manager,Cloudflare,,Hybrid,Full-time,,Greenhouse,2026-10-05,https://boards.greenhouse.io/cloudflare/jobs/8250114?gh_jid=8250114
,24,Marketing Strategy and Operations Lead,Cloudflare,,Hybrid,Full-time,,Greenhouse,2026-10-02,https://boards.greenhouse.io/cloudflare/jobs/8030678?gh_jid=8030678
,22,CHARGÉ(E) DE PROJETS TRANSFORMATION DIGITALE (H/F),HORUS DEVELOPMENT FINANCE,,"Brazzaville, Congo",VIE (12 months),2027-01,VIE,2026-10-01,https://mon-vie-via.businessfrance.fr/offres/246592
,22,Approvisionneur / Spécialiste Supply Chain H/F (H/F),ABYLSEN SIGMA,,"Montreal -Qc, Canada",VIE (24 months),2027-01,VIE,2026-09-11,https://mon-vie-via.businessfrance.fr/offres/245850
,22,Process Engineer M/W (H/F),FM LOGISTIC CORPORATE,,"Mszczonow, Pologne",VIE (12 months),2027-01,VIE,2026-09-04,https://mon-vie-via.businessfrance.fr/offres/245617
,22,Assistant responsable des opérations et qualité (H/F),SEGEPO DECOLLETAGE,,"Kayseri, Turquie",VIE (24 months),2027-01,VIE,2026-09-16,https://mon-vie-via.businessfrance.fr/offres/246029
,22,Business Controller / Finance Transformation (H/F),LEGRAND FRANCE,,"Soest, Allemagne",VIE (12 months),2027-01,VIE,2026-09-25,https://mon-vie-via.businessfrance.fr/offres/246393
,22,Junior Medical Project Manager (H/F),SERVIER INTERNATIONAL,,"Mexico, Mexique",VIE (12 months),2027-01,VIE,2026-09-22,https://mon-vie-via.businessfrance.fr/offres/246261
,22,"Operations officer, Custody Services (H/F)",CACEIS,,"Selangor, Malaisie",VIE (12 months),2027-01,VIE,2026-09-17,https://mon-vie-via.businessfrance.fr/offres/246067
,22,ADJOINT A LA DIRECTION DES OPERATIONS (H/F),GBH,,"Saint Domingue, Republique Dominicaine",VIE (24 months),2027-01,VIE,2026-09-10,https://mon-vie-via.businessfrance.fr/offres/245818
,22,VIE - Junior Plant Procurement Manager - Naples (H/F),SCHNEIDER ELECTRIC INDUSTRIES SAS,,"Naples, Italie",VIE (12 months),2027-01,VIE,2026-07-02,https://mon-vie-via.businessfrance.fr/offres/244296
,22,Treasury Operations Officer (H/F),SANOFI WINTHROP INDUSTRIE,,"Bruxelles, Belgique",VIE (24 months),2027-01,VIE,2026-09-07,https://mon-vie-via.businessfrance.fr/offres/245644
,22,"Design Program Manager, Research Operations",Stripe,,US,Full-time,,Greenhouse,2026-09-25,https://stripe.com/jobs/search?gh_jid=8155390
,21,Workplace Operations Manager - Dublin,Stripe,,Dublin,Full-time,,Greenhouse,2026-09-25,https://stripe.com/jobs/search?gh_jid=8120185
,21,Business Development Manager,Airbnb,,"Berlin, Germany",Full-time,,Greenhouse,2026-09-29,https://careers.airbnb.com/positions/7995153?gh_jid=7995153
,21,"Manager, Business Development",Intercom,,"Dublin, Ireland",Full-time,,Greenhouse,2026-09-16,https://job-boards.greenhouse.io/intercom/jobs/8068149
,20,Chargé de développement commercial – Zone Amérique du Sud (H/F),SERAP INDUSTRIES,,"Santiago, Chili",VIE (12 months),2027-01,VIE,2026-07-07,https://mon-vie-via.businessfrance.fr/offres/244453
,20,VIE - Chargé(e) de projets RH – (F/H) (H/F),CREDIT INDUSTRIEL ET COMMERCIAL,,"Luxembourg, Luxembourg",VIE (12 months),2027-01,VIE,2026-08-21,https://mon-vie-via.businessfrance.fr/offres/245354
,20,VIE CONTRÔLEUR DE GESTION TOGO F/H (H/F),BESSAC,,"Lome, Togo",VIE (12 months),2027-01,VIE,2026-10-02,https://mon-vie-via.businessfrance.fr/offres/246648
,20,Business Developer (H/F),AIM MANAGEMENT,,"Casablanca, Maroc",VIE (12 months),2027-03,VIE,2026-10-02,https://mon-vie-via.businessfrance.fr/offres/246623
,20,CHEF DE PROJET CONSTRUCTION LOGEMENTS (H/F),GROUPE OPTIMAL GESTION,,"Kigali, Rwanda",VIE (12 months),2027-03,VIE,2026-09-29,https://mon-vie-via.businessfrance.fr/offres/246528
,20,BUSINESS DEVELOPER (H/F),LEHIBOU,,"Bruxelles, Belgique",VIE (12 months),2027-01,VIE,2026-09-15,https://mon-vie-via.businessfrance.fr/offres/245991
,20,Project Manager (H/F),REVEVOL FRANCE,,"Milan, Italie",VIE (24 months),2027-01,VIE,2026-09-29,https://mon-vie-via.businessfrance.fr/offres/246524
,20,VIA Chargé(e) D'affaires Invest à San Francisco (H/F),BUSINESS FRANCE,,"San Francisco -Ca-, Etats-Unis",VIE (24 months),2027-01,VIE,2026-10-01,https://mon-vie-via.businessfrance.fr/offres/246586
,20,Supply Chain (H/F),FIRMENICH ET COMPAGNIE,,"Barcelone, Espagne",VIE (12 months),2027-01,VIE,2026-09-23,https://mon-vie-via.businessfrance.fr/offres/246328
,20,INGENIEUR PROCESS ET MAINTENANCE H/F (H/F),JOUBERT FRANCE,,"Melaka, Malaisie",VIE (24 months),2027-03,VIE,2026-09-22,https://mon-vie-via.businessfrance.fr/offres/246290
,20,IT Business Analyst (H/F),BEELIX,,"Casablanca, Maroc",VIE (12 months),2027-01,VIE,2026-09-02,https://mon-vie-via.businessfrance.fr/offres/245575
,20,Supply Chain Specialist (H/F),SANOFI WINTHROP INDUSTRIE,,"Sao Paulo, Bresil",VIE (24 months),2027-02,VIE,2026-09-23,https://mon-vie-via.businessfrance.fr/offres/246330
,20,VIE Private Market Analyst (H/F),CA INDOSUEZ,,"Geneve, Suisse",VIE (12 months),2027-01,VIE,2026-09-23,https://mon-vie-via.businessfrance.fr/offres/246329
,20,VIE Sécurité (H/F),VINCI CONSTRUCTION GRANDS PROJETS,,"Toronto, Canada",VIE (12 months),2027-01,VIE,2026-09-18,https://mon-vie-via.businessfrance.fr/offres/246131
,20,VIE qualité (H/F),VINCI CONSTRUCTION GRANDS PROJETS,,"Toronto, Canada",VIE (12 months),2027-01,VIE,2026-09-18,https://mon-vie-via.businessfrance.fr/offres/246112
,20,Business Developer Export – Zone Asie (H/F),CAHOUET,,"Kuala Lumpur, Malaisie",VIE (24 months),2027-01,VIE,2026-09-10,https://mon-vie-via.businessfrance.fr/offres/245758
,20,VIE - Fund Distribution Officer (H/F),CACEIS,,"Munich, Allemagne",VIE (24 months),2027-01,VIE,2026-09-15,https://mon-vie-via.businessfrance.fr/offres/245973
,20,VIE Topographe Junior (H/F),BOUYGUES TRAVAUX PUBLICS,,"Bridgwater, Royaume-Uni",VIE (12 months),2027-01,VIE,2026-09-11,https://mon-vie-via.businessfrance.fr/offres/245836
,20,VIE JUNIOR SURVEYOR UNITED KINGDOM (H/F),BOUYGUES TRAVAUX PUBLICS,,"Bridgwater, Royaume-Uni",VIE (12 months),2027-01,VIE,2026-09-10,https://mon-vie-via.businessfrance.fr/offres/245784
,20,CHARGE DE DEVELOPPEMENT COMMERCIAL (H/F),AEC ENERGY SERVICES,,"Nairobi, Kenya",VIE (12 months),2027-01,VIE,2026-09-10,https://mon-vie-via.businessfrance.fr/offres/245782
,20,Business Developer Nordics (H/F),NEXELEC,,"Stockholm, Suede",VIE (24 months),2027-02,VIE,2026-09-09,https://mon-vie-via.businessfrance.fr/offres/245743
,19,"Benefits Program Manager, EMEA",Stripe,,"Dublin, London",Full-time,,Greenhouse,2026-09-25,https://stripe.com/jobs/search?gh_jid=8202831
,19,"Events Manager, Event Technology and Registration",Stripe,,Remote US,Full-time,,Greenhouse,2026-10-06,https://stripe.com/jobs/search?gh_jid=8222212
,19,"Program Manager, Professional Services",Stripe,,"Dublin, London",Full-time,,Greenhouse,2026-09-28,https://stripe.com/jobs/search?gh_jid=8007692
,19,Risk Operations Analyst,Stripe,,Remote,Full-time,,Greenhouse,2026-10-05,https://stripe.com/jobs/search?gh_jid=7230921
,19,Risk Operations Analyst - SSO,Stripe,,Remote,Full-time,,Greenhouse,2026-10-05,https://stripe.com/jobs/search?gh_jid=8175824
,19,"Product Manager, Community Support",Airbnb,,Remote,Full-time,,Greenhouse,2026-09-29,https://careers.airbnb.com/positions/8189782?gh_jid=8189782
,19,Business Development Representative (Arabic-speaking),Databricks,,"Paris, France",Full-time,,Greenhouse,2026-10-06,https://databricks.com/company/careers/open-positions/job?gh_jid=8863020002
,19,Business Development Representative (French-speaking),Databricks,,"Paris, France",Full-time,,Greenhouse,2026-10-06,https://databricks.com/company/careers/open-positions/job?gh_jid=8816435002
,19,"Strategic Account Executive, Life Science",Databricks,,Denmark,Full-time,,Greenhouse,2026-10-06,https://databricks.com/company/careers/open-positions/job?gh_jid=8626215002
,19,Strategic Account Executive - Retail vertical,Databricks,,Remote - California,Full-time,,Greenhouse,2026-10-06,https://databricks.com/company/careers/open-positions/job?gh_jid=8855804002
,19,Strategic Core Account Executive - Automotive/OEM,Databricks,,"Munich, Germany",Full-time,,Greenhouse,2026-10-06,https://databricks.com/company/careers/open-positions/job?gh_jid=8656210002
,19,Strategic Core Account Executive - CMEG - Telco,Databricks,,Remote - Georgia; Remote - Texas,Full-time,,Greenhouse,2026-10-06,https://databricks.com/company/careers/open-positions/job?gh_jid=8431459002
,19,"Strategic Core Account Executive - Insurance, m/f/d",Databricks,,"Munich, Germany",Full-time,,Greenhouse,2026-10-06,https://databricks.com/company/careers/open-positions/job?gh_jid=8353246002
,19,Strategic Enterprise Account Executive - CMEG,Databricks,,Remote - California,Full-time,,Greenhouse,2026-10-06,https://databricks.com/company/careers/open-positions/job?gh_jid=8633152002
,19,"Technical Program Manager, FDE",Databricks,,"Munich, Germany",Full-time,,Greenhouse,2026-10-06,https://databricks.com/company/careers/open-positions/job?gh_jid=8648496002
,19,Business Development Program Intern,Mirakl,,"Paris, France",Internship,,Greenhouse,2026-10-02,https://job-boards.greenhouse.io/mirakl/jobs/4842357004
,19,Finance & Strategy Intern,Mirakl,,"Paris, France",Internship,,Greenhouse,2026-10-01,https://job-boards.greenhouse.io/mirakl/jobs/5131421004
,19,Chef de projet ERP International (H/F),SYCLEF,,"Meyreuil, Provence-Alpes-Côte d'Azur, France",Internship,,LinkedIn,,https://fr.linkedin.com/jobs/view/chef-de-projet-erp-international-h-f-at-syclef-4365140200
,18,V.I.E - Chef de projet IT (H/F),SOGECAP,,"Bucarest, Roumanie",VIE (12 months),2027-01,VIE,2026-10-05,https://mon-vie-via.businessfrance.fr/offres/246722
,18,Responsable suivi contractuel - Supply Chain F/H (H/F),ORANO MINING,,"Saskatoon, Canada",VIE (12 months),2027-01,VIE,2026-09-04,https://mon-vie-via.businessfrance.fr/offres/245610
,18,VIE - Sales Support (H/F),AMUNDI ASSET MANAGEMENT,,"Boston          -Ma-, Etats-Unis",VIE (18 months),2027-03,VIE,2026-09-30,https://mon-vie-via.businessfrance.fr/offres/246556
,18,Financial Planning & Analysis (H/F),LESAFFRE INTERNATIONAL,,"Milwaukee    -Wi-, Etats-Unis",VIE (18 months),2027-01,VIE,2026-09-23,https://mon-vie-via.businessfrance.fr/offres/246313
,18,Ingénieur Stratégie Matériaux Produits Plats (H/F),RENAULT SAS,,"Chennai, Inde",VIE (12 months),2027-01,VIE,2026-09-25,https://mon-vie-via.businessfrance.fr/offres/246394
,18,BUSINESS DEVELOPER (H/F),MAISON POMMERY & ASSOCIES,,"New York  -Ny-, Etats-Unis",VIE (18 months),2027-01,VIE,2026-09-21,https://mon-vie-via.businessfrance.fr/offres/246225
,18,VIE Credit Risk Controller (H/F),ODDO BHF SCA,,"Francfort, Allemagne",VIE (12 months),2027-01,VIE,2026-09-21,https://mon-vie-via.businessfrance.fr/offres/246219
,18,CHARGÉ(E) D'AFFAIRES (H/F),PALAMATIC FRANCE,,"Saint Hyacinthe -Qc, Canada",VIE (24 months),2027-01,VIE,2026-06-22,https://mon-vie-via.businessfrance.fr/offres/243976
,18,Business Developer (H/F),FOODFLOW,,"Bruxelles, Belgique",VIE (12 months),2027-01,VIE,2026-09-17,https://mon-vie-via.businessfrance.fr/offres/246064
,18,Spécialiste Communication Interne & Transformation EMEA (H/F),COMPAGNIE DE SAINT-GOBAIN,,"Stafford, Royaume-Uni",VIE (12 months),2027-02,VIE,2026-09-10,https://mon-vie-via.businessfrance.fr/offres/245798
,18,VIE SITE ENGINEER UNITED KINGDOM (H/F),BOUYGUES TRAVAUX PUBLICS,,"Bridgwater, Royaume-Uni",VIE (12 months),2027-01,VIE,2026-09-11,https://mon-vie-via.businessfrance.fr/offres/245837
,17,Program Manager - Community Content and Events (EMEA),Datadog,,"Paris, France",Full-time,,Greenhouse,2026-09-29,https://careers.datadoghq.com/detail/8091868/?gh_jid=8091868
,17,Strategic Account Executive (DACH),Datadog,,"Austria, Remote ; Germany, Remote; Poland, Remote",Full-time,,Greenhouse,2026-09-29,https://careers.datadoghq.com/detail/5511968/?gh_jid=5511968
,17,Strategic Account Executive (Italy),Datadog,,"Italy, Remote",Full-time,,Greenhouse,2026-10-05,https://careers.datadoghq.com/detail/5742916/?gh_jid=5742916
,17,Strategic Account Executive - Paris,Datadog,,"Paris, France",Full-time,,Greenhouse,2026-09-29,https://careers.datadoghq.com/detail/7101117/?gh_jid=7101117
,17,Community Operations Specialist,Stripe,,Dublin,Full-time,,Greenhouse,2026-10-06,https://stripe.com/jobs/search?gh_jid=8257185
,17,Incident Response Manager - Abuse Operations,Stripe,,Dublin,Full-time,,Greenhouse,2026-09-25,https://stripe.com/jobs/search?gh_jid=8172493
,17,"Operations Insights, Tax",Stripe,,US Remote,Full-time,,Greenhouse,2026-09-25,https://stripe.com/jobs/search?gh_jid=7997542
,17,"Product Manager, E-Invoicing",Stripe,,"Dublin, Ireland",Full-time,,Greenhouse,2026-09-25,https://stripe.com/jobs/search?gh_jid=8041655
,17,"Product Manager, Support Platform",Stripe,,"Dublin, Ireland",Full-time,,Greenhouse,2026-09-25,https://stripe.com/jobs/search?gh_jid=8143563
,17,"Risk Operations Analyst, Financial Crimes",Stripe,,"Dublin, Ireland",Full-time,,Greenhouse,2026-09-25,https://stripe.com/jobs/search?gh_jid=7974211
,17,"Technical Program Manager, Money-as-a-Service",Stripe,,Remote in the US,Full-time,,Greenhouse,2026-10-05,https://stripe.com/jobs/search?gh_jid=8042055
,17,"Strategic Account Executive, Transportation and Logistics",Databricks,,Denmark,Full-time,,Greenhouse,2026-10-06,https://databricks.com/company/careers/open-positions/job?gh_jid=8736883002
,17,"Strategic Enterprise Account Executive, Healthcare",Databricks,,Remote - California,Full-time,,Greenhouse,2026-10-06,https://databricks.com/company/careers/open-positions/job?gh_jid=8829996002
,17,Strategic Hunter Account Executive,Databricks,,"Paris, France",Full-time,,Greenhouse,2026-10-06,https://databricks.com/company/careers/open-positions/job?gh_jid=8737167002
,17,Business Development Representative Intern - Milano (x/f/m),Doctolib,,"Milano, Milan, Italy",Internship,,Greenhouse,2026-08-31,https://job-boards.greenhouse.io/doctolib/jobs/7800808003
,17,Product Strategy Lead (x/f/m),Doctolib,,"Berlin, Berlin, Germany",Full-time,,Greenhouse,2026-09-16,https://job-boards.greenhouse.io/doctolib/jobs/7986187003
,17,Sales Operations Lead (x/f/m),Doctolib,,"Berlin, Berlin, Germany",Full-time,,Greenhouse,2026-09-23,https://job-boards.greenhouse.io/doctolib/jobs/7864044003
,17,Business Developer Intern - Mirakl Ads,Mirakl,,"Paris, France",Internship,,Greenhouse,2026-10-06,https://job-boards.greenhouse.io/mirakl/jobs/5232778004
,17,"Enterprise Account Executive, Advertising Technology Solutions",Mirakl,,"München, Bavaria, Germany",Full-time,,Greenhouse,2026-09-22,https://job-boards.greenhouse.io/mirakl/jobs/5999774004
,17,Future Business Development Representative Opportunities,Mirakl,,"Barcelona, Barcelona, Spain; Boston, Massachusetts, United States; London, England, United Kingdom; Mexico; New York, New York, United States; Paris, France; Sydney",Full-time,,Greenhouse,2026-09-14,https://job-boards.greenhouse.io/mirakl/jobs/6173939004
,17,"Revenue Operations Analyst, Paris",Mirakl,,"Paris, France",Full-time,,Greenhouse,2026-09-14,https://job-boards.greenhouse.io/mirakl/jobs/6182493004
,17,Business Development Representative,Gitlab,,"Remote, North America",Full-time,,Greenhouse,2026-09-29,https://job-boards.greenhouse.io/gitlab/jobs/8532272002
,17,Strategic Account Executive,Gitlab,,"Remote, Germany",Full-time,,Greenhouse,2026-10-02,https://job-boards.greenhouse.io/gitlab/jobs/8860106002
,17,"Strategic Account Executive, AI - San Francisco",Gitlab,,"Remote, US",Full-time,,Greenhouse,2026-09-29,https://job-boards.greenhouse.io/gitlab/jobs/8604630002
,17,"Strategic Account Executive, Poland",Gitlab,,Remote,Full-time,,Greenhouse,2026-09-29,https://job-boards.greenhouse.io/gitlab/jobs/8675560002
,17,Strategic Account Executive - Public Sector,Gitlab,,"Remote, Germany",Full-time,,Greenhouse,2026-10-02,https://job-boards.greenhouse.io/gitlab/jobs/8860142002
,17,Strategic Account Executive - San Francisco,Gitlab,,Remote,Full-time,,Greenhouse,2026-09-29,https://job-boards.greenhouse.io/gitlab/jobs/8691382002
,17,Chef de produit Cash Management H/F,LCL,,"Villejuif, Île-de-France, France",Full-time,,LinkedIn,,https://fr.linkedin.com/jobs/view/chef-de-produit-cash-management-h-f-at-lcl-4439549709
,17,Chef de projet Channel Marketing International – Réseau de distributeurs,Compilatio,,"Haute-Savoie, Auvergne-Rhône-Alpes, France",Internship,,LinkedIn,,https://fr.linkedin.com/jobs/view/chef-de-projet-channel-marketing-international-%E2%80%93-r%C3%A9seau-de-distributeurs-at-compilatio-4473631374
,17,Chef de Projet SI Billetterie (F/H) | CDI,Alpes 2030,,"Décines-Charpieu, Auvergne-Rhône-Alpes, France",Full-time,,LinkedIn,,https://fr.linkedin.com/jobs/view/chef-de-projet-si-billetterie-f-h-cdi-at-alpes-2030-4474640985
,17,Chef de projet @eXalt Paris,eXalt,,"Paris, Île-de-France, France",Full-time,,LinkedIn,,https://fr.linkedin.com/jobs/view/chef-de-projet-%40exalt-paris-at-exalt-4434332789
,17,Chef de projet Microsoft Dynamics Business Central H/F,Nigel Frank International,,Greater Paris Metropolitan Region,Full-time,,LinkedIn,,https://fr.linkedin.com/jobs/view/chef-de-projet-microsoft-dynamics-business-central-h-f-at-nigel-frank-international-4473160066
,16,Fraud Operations Associate (Mandarin Speaking),Stripe,,Bengaluru,Full-time,,Greenhouse,2026-09-25,https://stripe.com/jobs/search?gh_jid=8076652
,16,Fraud Operations Associate SDC,Stripe,,Bengaluru,Full-time,,Greenhouse,2026-09-25,https://stripe.com/jobs/search?gh_jid=8066310
,16,Legal/ Corporate Compliance Operations Associate,Stripe,,N/A,Full-time,,Greenhouse,2026-09-30,https://stripe.com/jobs/search?gh_jid=8230274
,16,"Operations Associate, Apprenticeship",Stripe,,Bengaluru,Internship,,Greenhouse,2026-09-25,https://stripe.com/jobs/search?gh_jid=8131339
,16,"Operations Manager, Stripe Delivery Centre",Stripe,,Bengaluru,Full-time,,Greenhouse,2026-09-25,https://stripe.com/jobs/search?gh_jid=8053011
,16,Operations Recruiter,Stripe,,CDMX,Full-time,,Greenhouse,2026-09-25,https://stripe.com/jobs/search?gh_jid=8162189
,16,"Product Support Operations Associate, Weekend Shift",Stripe,,Bengaluru,Full-time,,Greenhouse,2026-09-25,https://stripe.com/jobs/search?gh_jid=7975698
,16,Voice Support Operations Associate,Stripe,,Bengaluru,Full-time,,Greenhouse,2026-09-25,https://stripe.com/jobs/search?gh_jid=8168793
,16,Strategy & Execution Manager,Databricks,,USCA,Full-time,,Greenhouse,2026-10-06,https://databricks.com/company/careers/open-positions/job?gh_jid=8792458002
,16,Business Development Representative - Dutch Speaking,Cloudflare,,Hybrid,Full-time,,Greenhouse,2026-10-02,https://boards.greenhouse.io/cloudflare/jobs/7883803?gh_jid=7883803
,16,Strategy & M&A Lead,Cloudflare,,Hybrid,Full-time,,Greenhouse,2026-10-02,https://boards.greenhouse.io/cloudflare/jobs/8188127?gh_jid=8188127
,16,"Territory Account Executive, Digital Native (Hong Kong)",Cloudflare,,Hybrid,Full-time,,Greenhouse,2026-10-02,https://boards.greenhouse.io/cloudflare/jobs/7972135?gh_jid=7972135
,16,"Territory Account Executive, Digital Native (Indonesia)",Cloudflare,,Hybrid,Full-time,,Greenhouse,2026-10-02,https://boards.greenhouse.io/cloudflare/jobs/8168940?gh_jid=8168940
,15,"Account Executive, Strategic (Paris, France)",Figma,,"Paris, France",Full-time,,Greenhouse,2026-07-22,https://boards.greenhouse.io/figma/jobs/5565921004?gh_jid=5565921004
,15,Business Developer (x/f/m) - France entière,Doctolib,,France,Full-time,,Greenhouse,2026-08-05,https://job-boards.greenhouse.io/doctolib/jobs/5082357003
,15,Lead Product Manager - Patient Data Collection (x/f/m),Doctolib,,"Paris, Paris, France",Full-time,,Greenhouse,2026-09-10,https://job-boards.greenhouse.io/doctolib/jobs/7988004003
,15,Stage - Analyste Stratégie Marketing Patient (x/f/m) - janvier 2027,Doctolib,,"Paris, Paris, France",Internship,,Greenhouse,2026-09-17,https://job-boards.greenhouse.io/doctolib/jobs/7993899003
,15,Stage - Assistant chef de projet pour déploiement (x/f/m) - janvier 2027,Doctolib,,"Paris, Paris, France",Internship,,Greenhouse,2026-09-17,https://job-boards.greenhouse.io/doctolib/jobs/7997209003
,15,Stage - Chargé d'Affaires Publiques (x/f/m) - janvier 2027,Doctolib,,"Paris, Paris, France",Internship,,Greenhouse,2026-09-17,https://job-boards.greenhouse.io/doctolib/jobs/7997070003
,15,Stage - Développement Commercial et Performance Hospitalière (x/f/m) - janvier 2027,Doctolib,,"Paris, Paris, France",Internship,,Greenhouse,2026-09-18,https://job-boards.greenhouse.io/doctolib/jobs/7997176003
,15,Product Manager – Business  Applications,Dataiku,,"France, Remote",Full-time,,Greenhouse,2026-09-29,https://job-boards.greenhouse.io/dataiku/jobs/6122317004
,15,"Strategic Account Executive, France",Gitlab,,Remote,Full-time,,Greenhouse,2026-10-06,https://job-boards.greenhouse.io/gitlab/jobs/8868220002
,15,Strategic Account Executive - MENA,Gitlab,,"Remote, KSA; Remote, UAE",Full-time,,Greenhouse,2026-09-29,https://job-boards.greenhouse.io/gitlab/jobs/8637995002
,15,Product Manager - AI Inference,Scaleway,,"Paris, Île-de-France, France",Full-time,,LinkedIn,,https://fr.linkedin.com/jobs/view/product-manager-ai-inference-at-scaleway-4463975011
,15,Product Manager,Protected.eu,,"Paris, Île-de-France, France",Full-time,,LinkedIn,,https://fr.linkedin.com/jobs/view/product-manager-at-protected-eu-4474253904
,15,Product Manager SaaS B2B - Fintech / Private Equity - Paris (CDI),KatchMe,,"Paris, Île-de-France, France",Full-time,,LinkedIn,,https://fr.linkedin.com/jobs/view/product-manager-saas-b2b-fintech-private-equity-paris-cdi-at-katchme-4472535555
,15,Product Manager Premium (N/F/H),leboncoin,,"Paris, Île-de-France, France",Full-time,,LinkedIn,,https://fr.linkedin.com/jobs/view/product-manager-premium-n-f-h-at-leboncoin-4475562876
,15,Data Product Manager F/H,Hubvisory,,"Paris, Île-de-France, France",Full-time,,LinkedIn,,https://fr.linkedin.com/jobs/view/data-product-manager-f-h-at-hubvisory-4475820347
,15,Product Manager (F/H) - CDI - Arcueil,Aramisauto,,"Arcueil, Île-de-France, France",Full-time,,LinkedIn,,https://fr.linkedin.com/jobs/view/product-manager-f-h-cdi-arcueil-at-aramisauto-4475585252
,15,R&D Global Project Manager with Due Diligence focus M/F,Servier France,,"Gif-sur-Yvette, Île-de-France, France",Full-time,,LinkedIn,,https://fr.linkedin.com/jobs/view/r-d-global-project-manager-with-due-diligence-focus-m-f-at-servier-france-4473977272
,15,Research and Development Project Manager,Quobly,,"Grenoble, Auvergne-Rhône-Alpes, France",Full-time,,LinkedIn,,https://fr.linkedin.com/jobs/view/research-and-development-project-manager-at-quobly-4474150293
,15,Analyste stratégie & développement,Avril,,"Paris, Île-de-France, France",Full-time,,LinkedIn,,https://fr.linkedin.com/jobs/view/analyste-strat%C3%A9gie-d%C3%A9veloppement-at-avril-4472197215
,14,Credit Risk Operations Team Lead,Stripe,,Bengaluru,Full-time,,Greenhouse,2026-09-25,https://stripe.com/jobs/search?gh_jid=8047791
,14,"Critical Support Operations Associate, Weekend Coverage",Stripe,,N/A,Full-time,,Greenhouse,2026-09-25,https://stripe.com/jobs/search?gh_jid=8175816
,14,Finance and Strategy Specialist,Stripe,,Bengaluru,Full-time,,Greenhouse,2026-09-25,https://stripe.com/jobs/search?gh_jid=7597613
,14,Fraud Operations Manager,Stripe,,Bengaluru,Full-time,,Greenhouse,2026-09-30,https://stripe.com/jobs/search?gh_jid=7608396
,14,Legal Operations Team Lead,Stripe,,Bengaluru,Full-time,,Greenhouse,2026-09-30,https://stripe.com/jobs/search?gh_jid=8230294
,14,"Operations Associate, Sanctions",Stripe,,Bengaluru,Full-time,,Greenhouse,2026-09-25,https://stripe.com/jobs/search?gh_jid=8098394
,14,"Partner Development Manager, Global Strategic Alliances",Stripe,,US-SF,Full-time,,Greenhouse,2026-09-25,https://stripe.com/jobs/search?gh_jid=7461966
,14,"Project Manager, People Mergers & Acquisitions (M&A)",Stripe,,"SF, SEA, NYC, US-Rem",Full-time,,Greenhouse,2026-09-25,https://stripe.com/jobs/search?gh_jid=8175644
,14,Strategy and Analytics Business Partner,Stripe,,Bengaluru,Full-time,,Greenhouse,2026-10-06,https://stripe.com/jobs/search?gh_jid=7813411
,14,"Support Operations, Privy",Stripe,,NYC,Full-time,,Greenhouse,2026-09-25,https://stripe.com/jobs/search?gh_jid=8162819
,14,Business Development Representative - Bahasa Indonesia Speaking,Cloudflare,,Hybrid,Full-time,,Greenhouse,2026-10-02,https://boards.greenhouse.io/cloudflare/jobs/7167659?gh_jid=7167659
,14,Business Development Representative (BDR),Cloudflare,,Hybrid,Full-time,,Greenhouse,2026-10-02,https://boards.greenhouse.io/cloudflare/jobs/6557318?gh_jid=6557318
,14,"Business Development Representative (BDR), LATAM Portuguese Speaking",Cloudflare,,Hybrid,Full-time,,Greenhouse,2026-10-02,https://boards.greenhouse.io/cloudflare/jobs/8234270?gh_jid=8234270
,14,"Business Development Representative (BDR), LATAM Spanish Speaking",Cloudflare,,Hybrid,Full-time,,Greenhouse,2026-10-02,https://boards.greenhouse.io/cloudflare/jobs/7991345?gh_jid=7991345
,14,Business Development Representative (Cantonese Speaking),Cloudflare,,Hybrid,Full-time,,Greenhouse,2026-10-02,https://boards.greenhouse.io/cloudflare/jobs/8143252?gh_jid=8143252
,14,"Business Development Representative - Danish, Norwegian or Swedish Speaking",Cloudflare,,Hybrid,Full-time,,Greenhouse,2026-10-02,https://boards.greenhouse.io/cloudflare/jobs/7657028?gh_jid=7657028
,14,Business Development Representative - German Speaking,Cloudflare,,Hybrid,Full-time,,Greenhouse,2026-10-02,https://boards.greenhouse.io/cloudflare/jobs/7504487?gh_jid=7504487
,14,Business Development Representative - Hebrew Speaking,Cloudflare,,Hybrid,Full-time,,Greenhouse,2026-10-02,https://boards.greenhouse.io/cloudflare/jobs/7694407?gh_jid=7694407
,14,Digital Natives Account Executive,Cloudflare,,Hybrid,Full-time,,Greenhouse,2026-10-02,https://boards.greenhouse.io/cloudflare/jobs/7735836?gh_jid=7735836
,12,"AI Solutions Program Manager, Finance",Stripe,,"SEA, SF, NYC, CHI",Full-time,,Greenhouse,2026-09-25,https://stripe.com/jobs/search?gh_jid=8221776
,12,Contracting Operations Specialist,Stripe,,Bengaluru,Full-time,,Greenhouse,2026-09-25,https://stripe.com/jobs/search?gh_jid=7994945
,12,Global People Operations - Systems Administrator,Stripe,,Bengaluru,Full-time,,Greenhouse,2026-10-01,https://stripe.com/jobs/search?gh_jid=8227570
,12,Monetization Operations Analyst,Stripe,,IN - Bengaluru,Full-time,,Greenhouse,2026-09-25,https://stripe.com/jobs/search?gh_jid=8021192
,12,"Product Manager, Employee Experiences",Stripe,,N/A,Full-time,,Greenhouse,2026-09-25,https://stripe.com/jobs/search?gh_jid=8203423
,12,"Project Manager, Total Rewards",Stripe,,"CHI, ATL, US-REM",Full-time,,Greenhouse,2026-09-25,https://stripe.com/jobs/search?gh_jid=8077547
,12,Recruiting Project Manager,Stripe,,"CHI, ATL",Full-time,,Greenhouse,2026-09-25,https://stripe.com/jobs/search?gh_jid=8142077
,12,"Strategic Sourcing Manager, Tech & Product",Stripe,,"SF, NYC, SEA",Full-time,,Greenhouse,2026-09-25,https://stripe.com/jobs/search?gh_jid=8072213
,12,"Business Development Representative, Bengaluru",Cloudflare,,Hybrid,Full-time,,Greenhouse,2026-10-02,https://boards.greenhouse.io/cloudflare/jobs/8143314?gh_jid=8143314
,12,Customer Solutions Strategy Lead,Cloudflare,,Hybrid,Full-time,,Greenhouse,2026-10-05,https://boards.greenhouse.io/cloudflare/jobs/8188498?gh_jid=8188498
,12,Data Center Infrastructure Management (DCIM) Administrator - Infrastructure Operations,Cloudflare,,Hybrid,Full-time,,Greenhouse,2026-10-02,https://boards.greenhouse.io/cloudflare/jobs/7736431?gh_jid=7736431
,12,Developer GTM Strategy Manager,Cloudflare,,Hybrid,Full-time,,Greenhouse,2026-10-02,https://boards.greenhouse.io/cloudflare/jobs/8191516?gh_jid=8191516
,12,"Developer GTM Strategy Manager, Technical Programs",Cloudflare,,Hybrid,Full-time,,Greenhouse,2026-10-02,https://boards.greenhouse.io/cloudflare/jobs/8191453?gh_jid=8191453
,12,Digital Presales Customer Engineer,Cloudflare,,Hybrid,Full-time,,Greenhouse,2026-10-05,https://boards.greenhouse.io/cloudflare/jobs/8238758?gh_jid=8238758
,12,"Product Manager, Browser Extension",Cloudflare,,Hybrid,Full-time,,Greenhouse,2026-10-02,https://boards.greenhouse.io/cloudflare/jobs/8173899?gh_jid=8173899
,12,Business Development Representative - BDR,Swile,,Centro-Oeste do Brasil,Permanent,,Lever,,https://jobs.lever.co/swile/35e40597-806d-41f7-a394-59ad8f706d62
,10,"Project Manager, Treasury Finance",Stripe,,NYC,Full-time,,Greenhouse,2026-09-25,https://stripe.com/jobs/search?gh_jid=8047395
,10,"Regulatory Reporting Program Manager, Stablecoin",Stripe,,"SEA, SF, NYC, CHI",Full-time,,Greenhouse,2026-09-25,https://stripe.com/jobs/search?gh_jid=7650177
